PLAYER_ID,PLAYER_NAME,TEAM_ID,TEAM_ABBREVIATION,GP,MIN,PTS,REB,AST,STL,BLK,TOV,FG_PCT,FG3_PCT,FT_PCT,PLUS_MINUS
1631260,AJ Green,1610612749,MIL,15,28.2,10.9,2.5,1.9,0.4,0.1,0.7,0.481,0.474,0.789,2.9
1642358,AJ Johnson,1610612764,WAS,8,4.7,0.9,0.6,0.5,0.0,0.0,0.1,0.182,0.0,0.75,-1.6
203932,Aaron Gordon,1610612743,DEN,12,30.4,20.3,6.3,1.4,0.8,0.3,1.4,0.536,0.452,0.879,13.4
1628988,Aaron Holiday,1610612745,HOU,7,8.4,4.7,0.6,1.0,0.1,0.1,0.7,0.556,0.455,0.889,1.7
1630174,Aaron Nesmith,1610612754,IND,11,30.4,15.5,4.5,1.5,0.8,0.3,0.7,0.367,0.373,0.795,-3.9
1630598,Aaron Wiggins,1610612760,OKC,9,27.6,14.8,3.7,2.2,0.4,0.8,1.0,0.459,0.417,0.667,10.0
1642846,Ace Bailey,1610612762,UTA,13,20.1,8.4,3.6,1.5,0.6,0.2,1.4,0.414,0.325,0.824,-8.8
1641737,Adem Bona,1610612755,PHI,12,14.8,2.2,3.4,0.3,0.4,1.7,0.6,0.45,0.0,0.5,-2.6
1642876,Adou Thiero,1610612747,LAL,1,4.7,4.0,1.0,0.0,0.0,0.0,0.0,1.0,0.0,1.0,2.0
1642349,Ajay Mitchell,1610612760,OKC,15,28.1,16.3,3.9,3.7,1.7,0.3,1.7,0.445,0.316,0.907,7.4
201143,Al Horford,1610612744,GSW,10,21.6,5.4,3.9,1.8,0.8,1.0,1.3,0.339,0.326,0.0,-3.7
1627936,Alex Caruso,1610612760,OKC,10,18.3,5.8,2.1,2.4,1.9,0.3,0.9,0.385,0.371,0.833,10.1
1642259,Alex Sarr,1610612764,WAS,13,29.0,18.3,8.2,3.6,0.7,2.2,2.4,0.519,0.35,0.737,-8.5
1630578,Alperen Sengun,1610612745,HOU,12,36.8,23.0,10.3,7.4,1.3,1.0,3.3,0.48,0.447,0.739,11.7
1642873,Amari Williams,1610612738,BOS,2,3.4,1.0,1.0,0.5,0.5,0.0,0.0,0.5,0.0,0.0,4.5
1641708,Amen Thompson,1610612745,HOU,12,35.5,17.3,6.1,5.2,1.3,0.5,2.3,0.471,0.207,0.759,10.6
1629599,Amir Coffey,1610612749,MIL,13,9.9,1.6,1.1,0.5,0.0,0.1,0.1,0.421,0.25,1.0,-2.5
203083,Andre Drummond,1610612755,PHI,12,22.8,8.5,9.6,0.8,0.8,0.8,0.6,0.597,0.438,0.625,3.6
1641748,Andre Jackson Jr.,1610612749,MIL,6,3.7,0.0,0.3,1.0,0.3,0.2,0.3,0.0,0.0,0.0,0.2
1629614,Andrew Nembhard,1610612754,IND,7,28.5,17.6,1.7,6.1,0.3,0.3,2.4,0.398,0.325,0.973,-10.9
203952,Andrew Wiggins,1610612748,MIA,14,32.9,16.7,4.9,2.9,1.1,0.9,2.1,0.484,0.357,0.657,-2.1
1629014,Anfernee Simons,1610612738,BOS,14,24.4,13.4,2.1,2.4,0.4,0.2,1.2,0.405,0.396,0.9,0.1
1641710,Anthony Black,1610612753,ORL,14,26.4,11.1,3.0,2.4,1.1,0.7,2.1,0.463,0.306,0.684,-3.6
203076,Anthony Davis,1610612742,DAL,5,29.9,20.8,10.2,2.2,1.6,1.2,2.2,0.52,0.273,0.742,-5.4
1630162,Anthony Edwards,1610612750,MIN,10,30.3,25.9,4.5,3.6,1.2,0.6,2.4,0.467,0.388,0.862,6.8
1630264,Anthony Gill,1610612764,WAS,5,2.7,1.8,0.8,0.0,0.0,0.0,0.4,0.75,1.0,1.0,-1.6
1641810,Antonio Reeves,1610612766,CHA,2,10.5,4.5,1.0,0.0,0.0,0.0,0.0,0.5,0.6,0.0,7.0
1630574,Ariel Hukporti,1610612752,NYK,8,7.0,1.0,2.1,0.6,0.1,0.3,0.6,0.5,0.0,0.0,-2.4
1642854,Asa Newell,1610612737,ATL,8,10.1,5.9,2.1,0.1,0.5,0.4,0.5,0.5,0.5,0.778,0.5
1641709,Ausar Thompson,1610612765,DET,10,29.1,13.9,6.6,3.4,1.8,0.7,1.4,0.504,0.308,0.487,4.4
1630559,Austin Reaves,1610612747,LAL,11,36.3,28.3,5.1,8.2,1.4,0.1,3.4,0.482,0.33,0.867,6.4
1630245,Ayo Dosunmu,1610612741,CHI,11,25.5,15.7,2.5,3.4,0.6,0.1,1.3,0.554,0.465,0.906,3.7
1628389,Bam Adebayo,1610612748,MIA,8,30.4,19.9,8.1,2.9,1.0,0.3,2.0,0.452,0.34,0.861,7.8
1631248,Baylor Scheierman,1610612738,BOS,10,10.0,2.9,2.1,0.4,0.3,0.1,0.2,0.556,0.533,1.0,3.1
1642879,Ben Saraf,1610612751,BKN,7,13.8,3.3,1.9,2.4,0.3,0.0,1.3,0.259,0.231,0.75,-3.1
1641767,Ben Sheppard,1610612754,IND,14,25.3,6.4,4.5,1.8,0.5,0.2,0.6,0.314,0.224,0.769,-10.3
1631097,Bennedict Mathurin,1610612754,IND,3,32.7,29.0,5.7,2.3,0.3,0.0,3.0,0.511,0.421,0.775,-8.3
1641731,Bilal Coulibaly,1610612764,WAS,5,24.6,9.6,4.4,3.4,1.2,1.2,2.0,0.364,0.294,0.733,-10.4
202687,Bismack Biyombo,1610612759,SAS,6,7.6,0.3,1.0,0.3,0.5,0.2,0.3,0.5,0.0,0.0,-4.3
1631104,Blake Wesley,1610612757,POR,6,16.3,6.0,2.3,3.2,1.7,0.2,1.2,0.412,0.2,0.6,-1.3
1626171,Bobby Portis,1610612749,MIL,15,20.9,9.7,5.5,1.1,0.3,0.1,1.2,0.468,0.426,0.714,-1.8
1641752,Bobi Klintman,1610612765,DET,6,8.8,2.8,2.7,0.7,0.3,0.0,0.8,0.333,0.273,0.0,-2.7
203992,Bogdan Bogdanović,1610612746,LAC,8,26.2,9.6,3.8,3.4,0.9,0.1,1.5,0.394,0.341,0.846,4.1
1630538,Bones Hyland,1610612750,MIN,12,9.0,4.1,1.0,1.3,0.5,0.0,0.7,0.514,0.348,0.75,-1.0
203078,Bradley Beal,1610612746,LAC,6,20.2,8.2,0.8,1.7,0.5,0.0,1.5,0.375,0.368,0.75,-3.8
1642382,Branden Carlson,1610612760,OKC,10,8.6,3.2,2.1,0.5,0.2,0.6,0.3,0.433,0.267,0.5,-0.2
1641764,Brandin Podziemski,1610612744,GSW,15,28.4,11.9,4.5,3.1,1.3,0.3,1.3,0.455,0.384,0.75,3.0
1627742,Brandon Ingram,1610612761,TOR,14,33.4,20.9,6.0,3.8,1.0,0.8,2.6,0.486,0.279,0.881,0.5
1641706,Brandon Miller,1610612766,CHA,2,19.9,14.5,0.0,4.0,0.5,0.5,1.5,0.4,0.182,0.7,1.0
1630314,Brandon Williams,1610612742,DAL,13,20.9,10.9,2.6,3.2,1.7,0.2,1.8,0.435,0.161,0.787,0.1
1641729,Brice Sensabaugh,1610612762,UTA,12,14.5,9.1,2.8,1.1,0.5,0.1,0.8,0.457,0.362,0.933,-2.1
1642355,Bronny James,1610612747,LAL,9,11.9,2.0,1.0,1.8,0.9,0.1,0.6,0.269,0.2,1.0,0.2
201572,Brook Lopez,1610612746,LAC,14,15.2,6.6,2.2,0.6,0.4,0.8,0.9,0.423,0.352,0.727,-2.0
1642964,Brooks Barnhizer,1610612760,OKC,13,7.9,1.2,2.1,0.3,0.2,0.2,0.1,0.5,0.0,0.5,-3.0
1628971,Bruce Brown,1610612743,DEN,13,22.5,6.2,4.3,1.2,0.7,0.2,0.8,0.414,0.409,0.867,1.8
1631121,Bryce McGowens,1610612740,NOP,6,7.1,3.0,0.7,0.5,0.3,0.0,0.2,0.385,0.0,0.8,0.5
1642267,Bub Carrington,1610612764,WAS,13,26.8,6.4,4.0,4.4,0.7,0.2,2.5,0.329,0.436,0.714,-13.6
1627741,Buddy Hield,1610612744,GSW,15,16.8,6.9,1.6,1.6,0.9,0.0,1.0,0.425,0.321,0.923,-3.1
203468,CJ McCollum,1610612764,WAS,13,29.5,16.3,3.2,3.3,0.8,0.2,1.5,0.394,0.378,0.818,-7.2
1630595,Cade Cunningham,1610612765,DET,11,37.0,27.5,5.4,9.9,1.4,0.8,3.6,0.436,0.288,0.802,7.2
1631216,Caleb Houstan,1610612737,ATL,5,6.4,2.8,0.6,0.4,0.2,0.2,0.6,0.5,0.5,1.0,-1.0
1631126,Caleb Love,1610612757,POR,5,9.0,3.4,2.0,1.6,0.2,0.0,0.2,0.28,0.2,0.0,0.8
1628997,Caleb Martin,1610612742,DAL,13,10.0,1.7,1.7,1.1,0.4,0.2,0.5,0.318,0.143,0.875,-3.8
1642353,Cam Christie,1610612746,LAC,9,11.6,5.1,1.7,0.9,0.2,0.2,0.2,0.438,0.412,0.733,2.3
1642285,Cam Spencer,1610612763,MEM,14,18.7,8.7,2.0,3.0,0.7,0.1,0.9,0.419,0.45,0.885,-1.6
1630560,Cam Thomas,1610612751,BKN,8,28.3,21.4,1.4,2.6,0.5,0.1,2.0,0.402,0.356,0.875,-8.3
1641715,Cam Whitmore,1610612764,WAS,13,17.0,8.9,2.3,0.6,0.8,0.2,1.0,0.455,0.324,0.75,-6.3
1629661,Cameron Johnson,1610612743,DEN,12,25.5,8.2,2.8,1.9,0.5,0.1,0.5,0.389,0.289,0.833,7.4
1627747,Caris LeVert,1610612765,DET,10,19.8,9.4,1.7,3.5,0.6,0.4,1.7,0.507,0.4,0.6,2.0
1642868,Carter Bryant,1610612759,SAS,8,6.8,2.1,1.0,0.0,0.3,0.1,0.5,0.286,0.182,1.0,-0.1
1641717,Cason Wallace,1610612760,OKC,14,29.0,8.4,3.1,2.9,2.4,0.3,1.2,0.406,0.373,0.909,11.6
1642907,Cedric Coward,1610612763,MEM,14,26.7,14.0,6.1,3.0,0.9,0.4,1.2,0.478,0.371,0.9,-1.0
1629646,Charles Bassey,1610612763,MEM,2,15.3,3.5,7.5,1.0,0.5,0.5,0.5,0.375,0.0,0.333,-4.0
1642404,Chaz Lanier,1610612765,DET,10,11.7,3.4,1.2,1.0,0.3,0.0,0.1,0.333,0.31,1.0,1.2
1631096,Chet Holmgren,1610612760,OKC,11,29.8,19.9,8.3,1.6,0.6,1.3,2.2,0.591,0.404,0.863,14.6
1628449,Chris Boucher,1610612738,BOS,7,10.9,2.4,2.4,0.3,0.6,0.7,0.1,0.318,0.083,1.0,-0.3
1643024,Chris Mañon,1610612747,LAL,2,3.5,0.0,1.0,0.0,0.0,0.5,0.0,0.0,0.0,0.0,1.0
101108,Chris Paul,1610612746,LAC,9,12.7,2.3,1.8,3.2,1.0,0.0,0.8,0.259,0.3,1.0,-4.4
1642959,Chris Youngblood,1610612760,OKC,13,5.1,1.4,0.5,0.2,0.1,0.0,0.0,0.267,0.286,1.0,-0.4
1631128,Christian Braun,1610612743,DEN,11,29.6,11.4,4.4,3.0,0.8,0.3,1.3,0.495,0.214,0.793,10.9
1631132,Christian Koloko,1610612747,LAL,2,3.2,0.0,0.5,0.0,0.0,0.0,0.0,0.0,0.0,0.0,-6.0
203991,Clint Capela,1610612745,HOU,11,9.8,3.6,4.5,0.4,0.3,0.5,0.4,0.64,0.0,0.8,0.3
1629632,Coby White,1610612741,CHI,1,30.3,27.0,4.0,8.0,1.0,0.0,3.0,0.357,0.375,1.0,6.0
1628998,Cody Martin,1610612754,IND,4,13.8,1.8,3.5,0.5,1.0,0.5,1.0,0.2,0.0,0.5,-7.0
1642262,Cody Williams,1610612762,UTA,8,12.2,2.6,1.0,0.5,0.3,0.1,0.4,0.36,0.182,0.333,3.0
1641732,Colby Jones,1610612765,DET,1,6.8,2.0,4.0,2.0,0.0,0.0,0.0,0.333,0.0,0.0,12.0
1630175,Cole Anthony,1610612749,MIL,14,19.6,8.8,3.3,5.2,0.7,0.4,2.1,0.419,0.297,0.533,-2.9
1631221,Collin Gillespie,1610612756,PHX,14,24.1,9.9,4.1,5.1,1.0,0.4,1.4,0.385,0.386,0.765,5.8
1642867,Collin Murray-Boyles,1610612761,TOR,11,20.0,8.5,3.5,1.2,0.7,0.5,1.1,0.5,0.5,0.762,-2.7
1629012,Collin Sexton,1610612766,CHA,13,26.3,15.5,2.4,4.8,0.7,0.0,2.8,0.474,0.42,0.85,-1.3
1642843,Cooper Flagg,1610612742,DAL,15,33.7,15.5,6.3,3.1,1.3,0.7,2.2,0.455,0.293,0.783,-10.0
1630557,Corey Kispert,1610612764,WAS,13,19.0,8.0,2.3,1.6,0.2,0.2,0.7,0.5,0.383,0.737,-3.0
1641854,Craig Porter Jr.,1610612739,CLE,15,17.3,5.9,2.8,2.5,1.1,0.5,0.9,0.53,0.444,0.5,2.0
1626156,D'Angelo Russell,1610612742,DAL,15,22.0,11.9,2.8,4.9,0.5,0.1,2.3,0.38,0.227,0.704,-2.2
1641747,DaRon Holmes II,1610612743,DEN,2,2.2,1.5,0.0,0.0,0.0,0.0,0.0,1.0,1.0,0.0,-1.0
1631342,Daeqwon Plowden,1610612758,SAC,1,14.0,2.0,2.0,0.0,0.0,0.0,0.0,0.2,0.0,0.0,-16.0
1631207,Dalen Terry,1610612741,CHI,8,7.4,2.1,0.8,1.0,0.1,0.3,0.3,0.462,0.4,0.5,1.5
1642261,Dalton Knecht,1610612747,LAL,13,18.9,7.6,2.4,0.6,0.5,0.5,0.6,0.464,0.326,0.667,-2.9
1629655,Daniel Gafford,1610612742,DAL,9,22.9,10.7,5.9,1.1,0.9,1.7,1.1,0.661,0.0,0.815,-1.4
1642450,Daniss Jenkins,1610612765,DET,9,21.0,11.6,2.0,4.1,1.4,0.0,1.7,0.482,0.48,0.714,4.1
1642874,Danny Wolf,1610612751,BKN,2,2.9,1.0,1.0,1.0,0.0,0.0,0.0,0.0,0.0,1.0,3.0
203967,Dario Šarić,1610612758,SAC,3,9.2,1.7,1.7,0.7,0.0,0.0,0.3,0.2,0.5,1.0,2.7
1629636,Darius Garland,1610612739,CLE,3,24.5,13.0,3.0,5.0,1.0,0.0,1.7,0.333,0.368,1.0,8.0
1642357,David Jones Garcia,1610612759,SAS,3,3.6,3.0,1.0,1.3,0.0,0.0,0.0,0.571,0.0,0.333,4.3
1630558,Davion Mitchell,1610612748,MIA,14,30.8,10.6,2.9,7.4,1.4,0.1,1.8,0.504,0.386,0.591,0.3
1630549,Day'Ron Sharpe,1610612751,BKN,12,15.7,6.4,5.3,1.9,0.8,0.5,2.0,0.622,0.3,0.667,-3.8
1628368,De'Aaron Fox,1610612759,SAS,5,34.1,22.0,3.6,6.8,1.0,0.2,4.0,0.512,0.375,0.923,5.0
1629631,De'Andre Hunter,1610612739,CLE,12,28.8,17.4,4.8,2.9,0.7,0.3,1.7,0.442,0.278,0.837,2.0
201599,DeAndre Jordan,1610612740,NOP,2,11.7,4.5,5.0,0.0,0.0,0.0,0.5,0.8,0.0,0.5,-13.0
201942,DeMar DeRozan,1610612758,SAC,14,34.0,18.8,3.3,3.5,1.1,0.1,1.0,0.5,0.394,0.852,-9.9
1629731,Dean Wade,1610612739,CLE,14,22.3,5.5,3.7,1.4,0.8,0.6,0.3,0.382,0.32,0.75,-0.2
1629028,Deandre Ayton,1610612747,LAL,13,30.4,16.2,8.4,0.9,0.7,0.9,2.7,0.692,0.0,0.619,-0.2
1630166,Deni Avdija,1610612757,POR,13,34.1,26.0,6.5,4.8,0.5,0.8,3.6,0.489,0.375,0.864,2.8
203471,Dennis Schröder,1610612758,SAC,14,30.4,12.3,3.6,5.9,1.1,0.2,1.9,0.401,0.344,0.769,-10.5
1641726,Dereck Lively II,1610612742,DAL,5,15.9,4.4,4.6,2.0,0.6,1.4,1.6,0.643,0.0,0.667,-0.8
1642852,Derik Queen,1610612740,NOP,14,22.6,10.4,6.2,2.6,1.0,0.8,2.3,0.47,0.1,0.766,-2.6
1627884,Derrick Jones Jr.,1610612746,LAC,13,24.9,10.5,2.4,1.1,0.8,1.2,0.8,0.533,0.348,0.786,-4.3
1628401,Derrick White,1610612738,BOS,14,32.9,16.0,3.9,5.4,1.7,1.2,1.2,0.356,0.306,0.825,3.7
1630217,Desmond Bane,1610612753,ORL,14,32.5,16.5,4.3,4.4,0.4,0.4,2.4,0.436,0.313,0.909,0.9
1626164,Devin Booker,1610612756,PHX,14,35.8,28.4,4.1,7.0,0.8,0.3,4.0,0.495,0.341,0.897,3.1
1642269,Devin Carter,1610612758,SAC,8,8.1,2.1,1.5,1.1,0.8,0.1,0.8,0.238,0.182,1.0,0.4
1630170,Devin Vassell,1610612759,SAS,13,33.1,13.8,3.5,2.4,1.1,0.2,1.2,0.406,0.34,0.783,7.3
1628415,Dillon Brooks,1610612756,PHX,8,29.9,22.0,3.3,1.9,2.0,0.3,2.0,0.459,0.339,0.939,-2.4
1627734,Domantas Sabonis,1610612758,SAC,11,33.2,17.2,12.3,3.7,1.2,0.2,2.5,0.51,0.2,0.725,-14.5
1631230,Dominick Barlow,1610612755,PHI,4,25.1,8.0,5.3,2.0,0.8,0.8,1.8,0.545,0.286,0.75,1.5
1642270,Donovan Clingan,1610612757,POR,13,25.1,8.8,9.0,1.2,0.7,1.4,0.7,0.479,0.2,0.938,0.2
1628378,Donovan Mitchell,1610612739,CLE,13,34.1,30.9,4.6,5.5,1.5,0.5,3.2,0.509,0.388,0.825,8.5
1628978,Donte DiVincenzo,1610612750,MIN,14,30.4,14.1,3.9,3.4,1.0,0.6,1.4,0.43,0.38,0.85,6.3
203926,Doug McDermott,1610612758,SAC,1,7.8,6.0,0.0,0.0,0.0,0.0,1.0,0.667,0.667,0.0,8.0
1642962,Drake Powell,1610612751,BKN,7,17.7,6.1,2.3,2.0,0.9,0.1,1.3,0.529,0.455,1.0,-5.0
203110,Draymond Green,1610612744,GSW,14,28.1,7.6,5.8,5.7,0.8,0.7,3.2,0.373,0.356,0.588,5.9
1629234,Drew Eubanks,1610612758,SAC,14,14.7,6.4,2.8,0.3,0.5,1.0,0.9,0.661,0.0,0.484,0.8
1641809,Drew Peterson,1610612766,CHA,1,16.1,1.0,1.0,1.0,0.0,1.0,0.0,0.0,0.0,0.5,0.0
1630696,Dru Smith,1610612748,MIA,14,16.6,6.3,2.0,3.3,1.5,0.1,0.9,0.478,0.387,0.857,3.4
1629130,Duncan Robinson,1610612765,DET,14,32.3,12.6,2.8,1.9,0.9,0.4,0.6,0.443,0.416,0.75,5.3
1641871,Duop Reath,1610612757,POR,9,7.8,4.2,0.7,0.4,0.0,0.1,0.1,0.591,0.6,0.0,0.9
203939,Dwight Powell,1610612742,DAL,12,9.5,2.3,2.2,0.7,0.3,0.2,0.4,0.5,0.0,0.833,0.7
1642928,Dylan Cardwell,1610612758,SAC,3,10.8,1.7,1.7,0.0,0.7,1.0,0.7,0.333,0.0,0.5,-2.7
1642844,Dylan Harper,1610612759,SAS,6,23.4,14.0,4.0,3.8,0.7,0.0,1.8,0.5,0.357,0.833,8.0
1630700,Dyson Daniels,1610612737,ATL,14,32.8,8.7,5.7,5.8,2.3,0.4,2.1,0.469,0.231,0.619,4.9
1630604,E.J. Liddell,1610612751,BKN,5,4.9,2.4,1.4,0.0,0.0,0.0,0.0,0.364,0.25,0.667,1.8
1642856,Egor Dëmin,1610612751,BKN,12,20.5,7.0,3.0,3.3,0.8,0.2,1.5,0.373,0.357,0.889,-7.4
1641989,Elijah Harkless,1610612762,UTA,6,10.5,2.2,1.0,0.7,0.5,0.0,0.5,0.364,0.286,0.6,2.5
201569,Eric Gordon,1610612755,PHI,3,7.1,2.7,0.0,0.3,0.3,0.0,0.7,0.6,0.5,0.0,0.0
1630596,Evan Mobley,1610612739,CLE,14,34.2,18.9,8.8,4.3,1.2,1.6,2.7,0.467,0.364,0.628,2.9
1630532,Franz Wagner,1610612753,ORL,14,35.8,23.1,6.3,3.9,1.1,0.4,2.1,0.461,0.357,0.829,2.1
1641713,GG Jackson,1610612763,MEM,6,4.7,2.0,0.5,0.2,0.5,0.0,0.0,0.286,0.0,0.571,-4.7
1629216,Gabe Vincent,1610612747,LAL,3,23.9,3.7,1.0,2.3,1.0,0.0,0.7,0.231,0.2,1.0,-0.3
202066,Garrett Temple,1610612761,TOR,2,3.1,0.0,0.0,0.0,0.0,0.5,0.0,0.0,0.0,0.0,-5.0
203914,Gary Harris,1610612749,MIL,8,9.4,2.5,0.5,0.5,0.6,0.3,0.3,0.471,0.4,0.0,-3.4
1627780,Gary Payton II,1610612744,GSW,14,9.8,2.4,2.6,1.1,0.6,0.3,0.6,0.417,0.188,0.0,0.2
1629018,Gary Trent Jr.,1610612749,MIL,15,27.7,10.2,1.6,2.0,1.1,0.1,0.7,0.398,0.374,0.722,-8.1
203507,Giannis Antetokounmpo,1610612749,MIL,13,31.8,31.2,10.8,6.8,0.9,1.2,3.5,0.629,0.5,0.636,5.7
1629048,Goga Bitadze,1610612753,ORL,14,16.8,5.9,5.1,1.1,0.5,1.3,0.5,0.698,0.333,0.724,1.2
1641711,Gradey Dick,1610612761,TOR,14,16.7,7.7,2.2,0.6,0.5,0.0,0.4,0.43,0.362,0.821,7.0
1628960,Grayson Allen,1610612756,PHX,13,32.1,18.5,3.1,4.3,1.6,0.3,1.8,0.468,0.447,0.794,3.9
1627824,Guerschon Yabusele,1610612752,NYK,12,9.7,2.5,2.5,0.3,0.2,0.1,0.2,0.323,0.318,0.5,1.2
1630611,Gui Santos,1610612744,GSW,12,6.4,2.0,1.3,0.2,0.3,0.0,0.4,0.429,0.313,0.5,0.0
203084,Harrison Barnes,1610612759,SAS,13,29.7,12.1,2.8,2.1,1.1,0.3,1.5,0.542,0.485,0.913,3.6
1631127,Harrison Ingram,1610612759,SAS,3,3.6,1.7,1.0,0.0,0.0,0.0,0.0,0.667,1.0,0.0,4.3
1630529,Herbert Jones,1610612740,NOP,14,30.2,9.7,3.5,2.3,1.4,0.2,1.8,0.398,0.371,0.714,-8.6
1642864,Hugo González,1610612738,BOS,11,12.4,3.0,2.0,0.6,0.8,0.2,0.5,0.452,0.5,0.0,1.1
1630621,Hunter Dickinson,1610612740,NOP,1,4.7,2.0,0.0,0.0,0.0,1.0,2.0,0.5,0.0,0.0,-12.0
1642282,Hunter Sallis,1610612755,PHI,3,2.2,0.7,0.3,0.3,0.0,0.0,0.7,1.0,0.0,0.0,-0.3
1641816,Hunter Tyson,1610612743,DEN,5,3.5,0.0,2.0,0.0,0.2,0.0,0.0,0.0,0.0,0.0,-1.8
1630193,Immanuel Quickley,1610612761,TOR,14,31.3,15.7,4.7,6.1,1.3,0.0,1.8,0.467,0.375,0.756,2.4
1642403,Isaac Jones,1610612765,DET,4,4.6,1.3,0.5,0.3,0.0,0.0,0.0,0.5,0.0,0.5,-4.0
1630171,Isaac Okoro,1610612741,CHI,13,25.4,7.8,2.8,1.8,0.5,0.8,1.2,0.439,0.359,0.882,-3.8
1642268,Isaiah Collier,1610612762,UTA,5,26.2,11.0,3.6,7.4,0.4,0.4,2.4,0.6,0.4,0.708,-3.0
1628392,Isaiah Hartenstein,1610612760,OKC,15,28.5,12.9,10.9,3.3,1.5,0.6,2.1,0.691,0.0,0.667,9.3
1630543,Isaiah Jackson,1610612754,IND,14,19.2,8.6,6.4,1.1,0.7,0.4,1.1,0.58,0.0,0.794,-5.7
1630198,Isaiah Joe,1610612760,OKC,10,25.9,14.7,3.3,1.6,0.7,0.1,1.1,0.433,0.405,0.885,8.9
1630587,Isaiah Livers,1610612756,PHX,8,11.5,2.8,1.8,0.5,0.3,0.4,0.1,0.438,0.357,1.0,7.4
1630191,Isaiah Stewart,1610612765,DET,11,22.7,10.9,6.3,1.4,0.2,2.2,1.1,0.489,0.389,0.696,0.8
1627826,Ivica Zubac,1610612746,LAC,14,31.5,16.0,10.8,2.1,0.6,1.0,2.1,0.622,0.0,0.75,-2.6
1631120,JD Davison,1610612745,HOU,5,4.7,2.2,0.0,0.4,0.2,0.2,0.0,0.5,0.5,0.0,-2.6
1629630,Ja Morant,1610612763,MEM,12,28.8,17.9,3.5,7.6,1.0,0.1,3.8,0.359,0.167,0.942,-4.2
1642266,Ja'Kobe Walter,1610612761,TOR,11,11.2,2.9,1.3,0.5,0.6,0.1,0.8,0.323,0.273,0.857,-3.1
1631095,Jabari Smith Jr.,1610612745,HOU,11,33.0,14.5,6.4,1.6,0.8,0.8,1.0,0.457,0.373,0.826,8.7
1631133,Jabari Walker,1610612755,PHI,13,12.1,2.9,2.8,0.4,0.2,0.2,0.4,0.421,0.167,0.8,-0.3
1631210,Jacob Toppin,1610612737,ATL,3,3.1,2.0,0.3,0.0,0.0,0.0,0.0,0.75,0.0,0.0,2.3
1630702,Jaden Hardy,1610612742,DAL,12,10.9,5.9,1.3,0.3,0.3,0.1,1.1,0.407,0.455,0.8,1.4
1630183,Jaden McDaniels,1610612750,MIN,14,31.1,17.5,4.6,2.4,1.0,1.3,1.9,0.553,0.521,0.842,4.3
1630256,Jae'Sean Tate,1610612745,HOU,7,5.6,1.1,0.9,0.1,0.1,0.0,0.1,0.364,0.0,0.0,-2.6
1642443,Jahmir Young,1610612748,MIA,2,4.8,1.0,0.5,1.0,0.0,0.0,0.5,0.333,0.0,0.0,-4.5
1643141,Jahmyl Telfort,1610612746,LAC,3,5.3,0.3,0.7,0.3,0.0,0.0,0.3,0.0,0.0,0.25,4.3
1631170,Jaime Jaquez Jr.,1610612748,MIA,14,30.3,17.1,6.9,5.1,0.6,0.3,1.9,0.528,0.222,0.786,7.6
1631222,Jake LaRavia,1610612747,LAL,14,28.8,10.2,4.5,2.4,1.5,0.3,1.3,0.477,0.333,0.667,-1.3
1627751,Jakob Poeltl,1610612761,TOR,10,25.4,11.3,7.5,1.7,0.6,0.6,1.2,0.723,0.0,0.543,1.0
1628973,Jalen Brunson,1610612752,NYK,11,33.9,28.0,3.5,6.5,0.8,0.0,2.7,0.467,0.369,0.863,7.5
1631105,Jalen Duren,1610612765,DET,12,28.9,20.3,12.3,1.8,1.0,1.1,2.3,0.674,0.0,0.786,7.8
1630224,Jalen Green,1610612756,PHX,2,14.9,15.5,2.0,2.0,1.0,0.0,1.0,0.478,0.429,0.6,18.5
1630552,Jalen Johnson,1610612737,ATL,12,32.9,21.8,9.6,6.3,1.8,0.3,3.0,0.587,0.382,0.807,1.5
1629618,Jalen Pickett,1610612743,DEN,7,7.5,2.6,1.0,1.0,0.0,0.0,0.6,0.467,0.429,1.0,-1.0
1630188,Jalen Smith,1610612741,CHI,13,16.0,10.2,6.3,1.4,0.3,0.3,1.0,0.49,0.4,0.684,2.4
1630591,Jalen Suggs,1610612753,ORL,10,22.1,12.5,3.9,4.4,1.6,0.3,3.0,0.538,0.4,0.885,8.5
1630592,Jalen Wilson,1610612751,BKN,11,15.8,6.2,1.0,0.6,0.2,0.0,0.7,0.396,0.444,0.769,-6.4
1631288,Jamal Cain,1610612753,ORL,1,0.5,0.0,0.0,0.0,0.0,0.0,0.0,0.0,0.0,0.0,-2.0
1627750,Jamal Murray,1610612743,DEN,12,34.3,23.1,5.6,6.1,1.3,0.3,2.3,0.467,0.357,0.94,8.8
1642347,Jamal Shead,1610612761,TOR,14,18.1,6.2,1.7,5.0,0.8,0.1,1.3,0.433,0.421,0.813,3.6
201935,James Harden,1610612746,LAC,13,36.1,26.2,6.3,8.7,0.9,0.5,3.8,0.436,0.376,0.922,-1.7
1630164,James Wiseman,1610612754,IND,1,19.9,4.0,4.0,0.0,0.0,1.0,3.0,0.667,0.0,0.0,-15.0
1642364,Jamir Watkins,1610612764,WAS,3,7.0,2.0,2.0,0.0,0.0,0.3,0.3,0.75,0.0,0.0,-2.7
1642419,Jamison Battle,1610612761,TOR,10,7.3,4.1,1.1,0.2,0.2,0.1,0.4,0.714,0.733,0.0,6.4
1641716,Jarace Walker,1610612754,IND,14,29.1,10.0,5.2,3.0,0.6,0.5,2.3,0.298,0.264,0.795,-8.4
1642272,Jared McCain,1610612755,PHI,4,9.0,0.0,0.5,1.0,0.3,0.0,0.3,0.0,0.0,0.0,0.3
1628991,Jaren Jackson Jr.,1610612763,MEM,14,28.7,17.9,5.2,1.4,0.5,1.4,2.1,0.478,0.377,0.803,-5.9
1629020,Jarred Vanderbilt,1610612747,LAL,14,18.3,4.6,5.6,1.5,1.0,0.4,1.6,0.44,0.286,0.842,-0.6
1628386,Jarrett Allen,1610612739,CLE,13,25.8,15.3,7.6,1.8,1.1,0.9,1.6,0.586,0.0,0.766,8.1
1642859,Jase Richardson,1610612753,ORL,7,4.2,0.4,0.1,0.9,0.0,0.0,0.4,0.2,0.0,0.5,-0.3
1642914,Javon Small,1610612763,MEM,8,12.4,4.3,1.0,2.8,0.0,0.1,1.0,0.357,0.316,0.8,0.5
1629750,Javonte Green,1610612765,DET,14,22.9,8.1,3.9,1.2,1.1,0.5,0.7,0.396,0.304,0.75,1.6
1629637,Jaxson Hayes,1610612747,LAL,11,16.8,5.1,4.2,1.2,0.4,0.5,0.5,0.686,1.0,0.636,-0.8
1630643,Jay Huff,1610612754,IND,14,14.4,5.4,2.9,0.7,0.1,1.8,0.6,0.375,0.265,0.692,-5.1
1627759,Jaylen Brown,1610612738,BOS,14,32.1,27.4,5.6,4.1,0.8,0.4,3.2,0.505,0.342,0.768,1.3
1641740,Jaylen Clark,1610612750,MIN,12,16.4,5.0,2.4,0.8,0.8,0.1,0.4,0.457,0.364,0.625,3.7
1642377,Jaylen Wells,1610612763,MEM,14,25.3,9.5,3.6,1.5,0.6,0.0,0.9,0.366,0.284,0.667,-5.6
1631119,Jaylin Williams,1610612760,OKC,14,19.0,5.0,4.8,2.3,0.6,0.6,1.0,0.329,0.266,0.714,4.1
1642281,Jaylon Tyson,1610612739,CLE,11,25.8,11.1,4.0,1.8,1.3,0.8,1.0,0.489,0.462,0.769,1.4
201145,Jeff Green,1610612745,HOU,5,4.2,2.4,0.4,0.0,0.0,0.2,0.0,0.667,0.667,0.0,-3.4
203924,Jerami Grant,1610612757,POR,13,27.8,18.3,3.0,2.3,0.9,0.4,1.6,0.464,0.403,0.845,-4.8
1642847,Jeremiah Fears,1610612740,NOP,14,26.4,15.3,2.9,2.8,1.7,0.1,2.6,0.448,0.354,0.825,-10.6
1630526,Jeremiah Robinson-Earl,1610612754,IND,9,20.8,5.4,6.7,0.8,0.6,0.0,0.7,0.358,0.176,0.889,-6.8
1631110,Jeremy Sochan,1610612759,SAS,7,15.6,6.6,2.7,1.6,0.4,0.3,1.1,0.63,0.5,0.778,-3.3
1630579,Jericho Sims,1610612749,MIL,10,7.3,1.1,1.8,0.4,0.1,0.2,0.4,0.667,0.0,0.75,-5.2
1641724,Jett Howard,1610612753,ORL,10,8.4,2.8,0.6,0.7,0.1,0.3,0.1,0.345,0.364,0.0,-0.8
1628975,Jevon Carter,1610612741,CHI,4,14.0,8.0,1.8,1.8,0.5,0.0,0.5,0.476,0.588,1.0,6.0
202710,Jimmy Butler III,1610612744,GSW,14,30.8,19.1,5.4,4.8,1.6,0.3,1.6,0.526,0.469,0.864,4.1
1642866,Joan Beringer,1610612750,MIN,9,4.1,2.0,1.3,0.0,0.1,0.2,0.2,0.727,0.0,0.667,-0.1
1629111,Jock Landale,1610612763,MEM,14,24.4,10.3,5.4,1.7,0.6,0.4,1.1,0.544,0.457,0.696,-5.9
204060,Joe Ingles,1610612750,MIN,5,4.6,0.0,0.0,1.2,0.2,0.0,0.0,0.0,0.0,0.0,0.8
203954,Joel Embiid,1610612755,PHI,6,23.3,19.7,5.5,3.3,0.8,1.5,2.7,0.46,0.321,0.829,1.5
1628381,John Collins,1610612746,LAC,14,25.4,11.9,4.8,0.6,0.9,0.5,1.9,0.504,0.333,0.806,-2.1
1629723,John Konchar,1610612763,MEM,12,11.5,2.6,2.3,0.9,0.8,0.4,0.3,0.545,0.429,1.0,-1.1
1641780,Johni Broome,1610612755,PHI,2,2.9,2.0,1.0,0.5,0.0,0.0,0.0,0.4,0.0,0.0,-0.5
1642277,Johnny Furphy,1610612754,IND,3,12.2,2.7,2.0,0.0,0.7,0.0,1.0,0.5,0.667,0.0,0.7
1630548,Johnny Juzang,1610612750,MIN,7,3.0,1.3,0.4,0.1,0.0,0.0,0.1,0.333,0.286,0.5,1.9
202685,Jonas Valančiūnas,1610612743,DEN,13,11.9,8.2,4.7,1.2,0.1,0.7,1.1,0.548,0.333,0.727,-1.3
1628371,Jonathan Isaac,1610612753,ORL,13,9.7,2.6,2.8,0.1,0.5,0.4,0.2,0.379,0.222,0.667,-3.7
1630228,Jonathan Kuminga,1610612744,GSW,13,27.7,13.8,6.6,2.8,0.4,0.3,2.7,0.478,0.324,0.771,-3.2
1642367,Jonathan Mogbo,1610612761,TOR,7,5.0,0.9,1.3,0.6,0.1,0.3,0.1,0.5,0.0,0.0,0.4
203903,Jordan Clarkson,1610612752,NYK,13,17.9,10.6,1.8,1.7,0.4,0.2,0.9,0.476,0.365,0.864,0.5
1630692,Jordan Goodwin,1610612756,PHX,11,16.7,6.6,3.7,2.0,1.2,0.1,1.1,0.429,0.394,0.75,5.0
1641722,Jordan Hawkins,1610612740,NOP,13,14.9,4.5,1.9,1.1,0.2,0.0,0.3,0.314,0.25,0.714,-1.8
1629162,Jordan McLaughlin,1610612759,SAS,8,9.2,3.5,0.8,1.3,0.9,0.0,0.3,0.417,0.333,1.0,-0.4
1641757,Jordan Miller,1610612746,LAC,3,16.3,9.3,2.7,1.0,0.3,0.0,1.0,0.5,0.556,0.875,-4.0
1629673,Jordan Poole,1610612740,NOP,7,30.3,17.3,1.7,3.4,0.3,0.3,2.1,0.354,0.339,0.969,-13.0
1641775,Jordan Walsh,1610612738,BOS,10,17.3,4.6,4.4,1.0,1.0,0.6,0.2,0.462,0.412,0.75,6.6
1630631,Jose Alvarado,1610612740,NOP,13,19.8,7.6,2.4,2.5,1.0,0.0,1.1,0.42,0.392,0.846,-2.5
1630581,Josh Giddey,1610612741,CHI,11,34.5,21.8,10.3,9.4,1.0,0.5,3.5,0.473,0.354,0.75,-0.2
1628404,Josh Hart,1610612752,NYK,12,25.5,9.2,6.5,4.7,0.9,0.2,2.1,0.473,0.324,0.75,-0.2
1631169,Josh Minott,1610612738,BOS,13,20.2,7.5,5.3,1.5,1.1,0.4,0.7,0.461,0.333,0.824,-0.5
1629006,Josh Okogie,1610612745,HOU,12,22.6,8.0,2.3,1.3,1.6,0.2,0.6,0.492,0.457,0.818,3.2
201950,Jrue Holiday,1610612757,POR,12,33.4,16.7,5.3,8.3,1.6,0.3,2.9,0.446,0.365,0.84,0.9
1630577,Julian Champagnie,1610612759,SAS,13,27.4,9.8,4.6,1.2,1.2,0.3,1.3,0.415,0.375,0.759,5.4
1641763,Julian Phillips,1610612741,CHI,12,7.0,1.8,0.9,0.2,0.4,0.3,0.1,0.375,0.25,0.0,1.6
1631124,Julian Strawther,1610612743,DEN,9,7.9,3.7,1.6,0.4,0.0,0.1,0.3,0.367,0.125,0.692,-0.7
203944,Julius Randle,1610612750,MIN,14,33.1,24.5,7.3,6.1,1.3,0.2,2.5,0.52,0.377,0.853,7.9
1630551,Justin Champagnie,1610612764,WAS,12,8.4,2.7,2.8,0.3,0.3,0.0,0.2,0.32,0.2,0.824,-6.5
1642348,Justin Edwards,1610612755,PHI,11,14.0,6.1,1.8,1.2,0.2,0.2,0.5,0.453,0.421,1.0,-3.2
203994,Jusuf Nurkić,1610612762,UTA,13,24.1,7.2,9.5,3.6,1.8,0.5,2.7,0.372,0.167,0.606,-3.7
1642354,KJ Simpson,1610612766,CHA,6,14.9,5.7,2.3,3.0,0.7,0.0,1.7,0.351,0.357,0.75,-4.2
1626157,Karl-Anthony Towns,1610612752,NYK,13,33.1,21.8,12.7,3.2,0.9,0.9,2.6,0.433,0.329,0.907,7.1
1631255,Karlo Matković,1610612740,NOP,12,11.4,4.9,2.8,0.8,0.2,0.5,0.4,0.703,0.444,0.375,-0.4
202695,Kawhi Leonard,1610612746,LAC,6,33.5,24.3,5.7,3.5,2.5,0.7,1.8,0.505,0.4,0.963,-7.7
1630811,Keaton Wallace,1610612737,ATL,13,16.1,4.7,1.9,3.0,0.8,0.2,0.8,0.426,0.419,0.5,-2.3
1642276,Kel'el Ware,1610612748,MIA,14,24.4,11.2,9.6,0.7,1.0,1.5,0.9,0.544,0.389,0.76,-2.6
1629640,Keldon Johnson,1610612759,SAS,13,23.2,11.1,6.2,1.7,0.8,0.1,0.7,0.558,0.25,0.808,0.5
203482,Kelly Olynyk,1610612759,SAS,4,9.3,2.8,2.8,3.3,0.0,0.0,0.8,0.625,1.0,0.0,-2.0
1626162,Kelly Oubre Jr.,1610612755,PHI,12,34.8,16.8,5.1,1.3,1.1,0.8,1.5,0.497,0.343,0.789,0.3
203484,Kentavious Caldwell-Pope,1610612763,MEM,14,23.4,7.9,2.6,3.1,0.8,0.3,1.1,0.356,0.298,0.893,-5.8
1631165,Keon Ellis,1610612758,SAC,14,18.7,7.1,1.5,0.6,1.4,0.3,0.4,0.453,0.444,0.7,-4.3
1642352,Keshad Johnson,1610612748,MIA,5,4.9,1.4,1.6,0.0,0.4,0.2,0.2,0.214,0.143,0.0,-3.6
201142,Kevin Durant,1610612745,HOU,12,36.1,25.9,4.7,3.4,1.0,0.7,3.0,0.51,0.4,0.888,9.9
1628989,Kevin Huerter,1610612741,CHI,13,26.4,14.4,4.1,2.8,0.9,0.9,1.6,0.504,0.323,0.839,0.9
201567,Kevin Love,1610612762,UTA,7,14.1,4.9,4.3,2.6,0.0,0.3,1.0,0.36,0.286,0.833,-3.0
1629645,Kevin Porter Jr.,1610612749,MIL,1,9.4,10.0,0.0,2.0,1.0,0.0,0.0,0.6,0.667,1.0,15.0
1626172,Kevon Looney,1610612740,NOP,7,14.1,2.9,3.9,1.6,0.3,0.6,0.7,0.348,0.167,0.5,-9.3
1641718,Keyonte George,1610612762,UTA,13,34.4,22.2,3.9,7.0,1.0,0.3,3.3,0.412,0.277,0.929,-4.6
1642863,Khaman Maluach,1610612756,PHX,7,5.0,1.9,0.9,0.1,0.0,0.6,0.7,0.429,0.0,0.875,-2.0
203114,Khris Middleton,1610612764,WAS,10,24.8,9.9,3.9,2.4,0.9,0.2,1.6,0.475,0.321,0.737,-8.6
202691,Klay Thompson,1610612742,DAL,14,21.3,9.4,2.6,1.8,0.4,0.4,1.1,0.338,0.311,1.0,-3.6
1641738,Kobe Brown,1610612746,LAC,7,8.5,2.1,2.1,1.0,0.0,0.0,0.4,0.455,0.167,1.0,1.4
1642920,Kobe Sanders,1610612746,LAC,6,16.6,7.0,1.7,1.3,0.7,0.0,1.0,0.412,0.381,0.857,1.0
1642886,Koby Brea,1610612756,PHX,1,4.1,4.0,0.0,1.0,0.0,0.0,0.0,0.5,0.0,1.0,-11.0
1642851,Kon Knueppel,1610612766,CHA,14,32.9,17.6,6.0,2.7,0.9,0.2,2.5,0.465,0.402,0.882,-1.1
1627739,Kris Dunn,1610612746,LAC,14,25.7,7.2,2.5,2.4,1.5,0.3,1.4,0.475,0.364,0.722,-6.1
1631200,Kris Murray,1610612757,POR,12,22.8,5.3,3.2,1.1,1.1,0.2,0.6,0.482,0.316,0.667,-1.0
204001,Kristaps Porziņģis,1610612737,ATL,9,25.8,17.3,5.7,3.7,0.6,1.6,1.1,0.43,0.311,0.863,1.0
203937,Kyle Anderson,1610612762,UTA,3,16.3,7.0,2.3,3.0,0.3,0.0,1.0,0.471,0.0,0.714,-1.3
1642271,Kyle Filipowski,1610612762,UTA,13,19.9,7.8,5.6,2.3,0.4,0.5,1.2,0.412,0.314,0.69,1.2
1628398,Kyle Kuzma,1610612749,MIL,14,25.9,13.3,4.4,1.7,0.8,0.6,1.2,0.496,0.283,0.786,0.1
200768,Kyle Lowry,1610612755,PHI,1,3.2,3.0,0.0,1.0,1.0,0.0,0.0,1.0,1.0,0.0,-2.0
1642273,Kyshawn George,1610612764,WAS,12,31.0,16.9,6.1,4.6,0.9,0.9,3.3,0.507,0.449,0.706,-10.3
1630163,LaMelo Ball,1610612766,CHA,8,31.9,22.0,6.9,9.6,1.4,0.1,3.4,0.405,0.315,0.846,5.0
1629013,Landry Shamet,1610612752,NYK,13,22.2,10.0,2.1,1.2,0.4,0.2,0.5,0.448,0.413,0.839,0.6
1626204,Larry Nance Jr.,1610612739,CLE,12,15.0,3.7,3.2,1.3,0.5,0.2,0.8,0.34,0.269,0.333,-3.0
1628374,Lauri Markkanen,1610612762,UTA,13,36.1,30.6,6.2,2.1,0.9,0.5,1.4,0.479,0.389,0.88,-0.6
1631159,Leonard Miller,1610612750,MIN,8,4.6,1.9,1.4,0.5,0.3,0.0,0.5,0.5,0.0,0.6,-0.1
1642862,Liam McNeeley,1610612766,CHA,9,12.5,4.1,1.9,1.2,0.2,0.1,0.6,0.31,0.333,0.867,-1.6
1630322,Lindy Waters III,1610612759,SAS,5,8.2,3.0,0.8,0.6,0.0,0.0,0.0,0.5,0.5,0.0,-0.8
1628366,Lonzo Ball,1610612739,CLE,12,23.0,6.3,4.1,5.3,1.1,0.2,2.3,0.342,0.322,0.7,1.8
1629652,Luguentz Dort,1610612760,OKC,9,30.3,7.8,4.4,1.4,0.9,0.2,0.7,0.343,0.273,0.923,11.0
1629029,Luka Dončić,1610612747,LAL,10,37.1,34.4,8.9,8.9,1.7,0.6,3.7,0.469,0.327,0.787,4.5
1630568,Luka Garza,1610612738,BOS,13,14.2,7.3,4.2,0.8,0.3,0.5,0.4,0.574,0.381,0.773,-3.5
1628379,Luke Kennard,1610612737,ATL,12,22.9,8.3,2.3,1.8,1.0,0.1,1.3,0.486,0.429,0.923,1.8
1628436,Luke Kornet,1610612759,SAS,6,22.9,10.2,6.5,1.8,0.0,1.2,0.7,0.806,0.0,0.688,4.2
1631247,Luke Travers,1610612739,CLE,6,7.8,1.7,1.8,0.7,0.5,0.7,0.2,0.125,0.0,1.0,-2.3
1630644,Mac McClung,1610612754,IND,3,11.3,6.3,1.3,0.3,1.7,0.3,0.7,0.389,0.2,0.75,-4.3
1631103,Malaki Branham,1610612764,WAS,5,6.9,3.8,1.6,0.6,0.0,0.0,0.2,0.545,0.2,0.75,-1.2
1628370,Malik Monk,1610612758,SAC,11,24.3,13.1,1.5,2.1,0.9,0.5,1.0,0.456,0.44,0.9,1.5
203935,Marcus Smart,1610612747,LAL,11,29.2,10.2,2.4,3.4,2.2,0.2,2.4,0.402,0.231,0.938,4.3
1641813,Mark Sears,1610612749,MIL,5,4.2,3.8,0.2,0.2,0.0,0.0,0.8,0.556,0.6,0.75,0.0
1631109,Mark Williams,1610612756,PHX,12,25.4,11.4,8.4,0.9,1.3,0.9,0.8,0.614,0.0,0.784,5.7
1628963,Marvin Bagley III,1610612764,WAS,13,14.6,7.2,4.2,1.2,0.5,0.5,0.9,0.655,0.5,0.714,-6.1
203486,Mason Plumlee,1610612766,CHA,6,5.0,1.0,0.8,0.3,0.0,0.0,0.3,1.0,0.0,0.5,0.0
1641824,Matas Buzelis,1610612741,CHI,13,29.0,15.0,5.6,1.2,0.8,1.2,1.9,0.473,0.4,0.853,-0.2
1629680,Matisse Thybulle,1610612757,POR,4,12.2,5.0,1.0,0.8,2.5,0.0,0.3,0.6,0.667,1.0,5.8
1631108,Max Christie,1610612742,DAL,15,29.8,12.1,3.3,2.6,0.5,0.5,1.1,0.473,0.458,0.731,-2.5
1628467,Maxi Kleber,1610612747,LAL,3,15.9,2.3,2.3,1.3,0.3,0.7,0.0,0.5,0.667,0.5,10.3
1642875,Maxime Raynaud,1610612758,SAC,6,12.3,4.3,3.7,0.7,0.3,0.3,1.0,0.391,0.0,0.889,-2.8
1642877,Micah Peavy,1610612740,NOP,10,11.8,3.0,2.3,1.0,0.1,0.1,0.2,0.406,0.25,0.5,-4.3
1629008,Michael Porter Jr.,1610612751,BKN,12,32.5,24.1,7.8,3.3,0.7,0.2,2.3,0.472,0.349,0.852,-5.9
1628969,Mikal Bridges,1610612752,NYK,13,35.1,16.2,4.4,4.8,2.0,1.2,1.0,0.5,0.421,0.8,2.8
201144,Mike Conley,1610612750,MIN,14,20.1,6.1,2.0,3.5,0.8,0.2,1.0,0.426,0.463,1.0,3.1
1628970,Miles Bridges,1610612766,CHA,14,35.2,22.1,7.0,3.9,0.7,0.4,1.6,0.42,0.362,0.891,-3.8
1642939,Miles Kelly,1610612742,DAL,2,5.6,1.0,2.0,0.0,0.0,0.0,0.5,0.5,0.0,0.0,-1.5
1630540,Miles McBride,1610612752,NYK,11,24.3,10.0,2.7,2.5,0.8,0.1,0.8,0.404,0.387,0.6,3.6
1629011,Mitchell Robinson,1610612752,NYK,7,16.5,3.9,9.0,1.0,0.6,1.0,0.7,0.591,0.0,0.333,4.9
1642885,Mohamed Diawara,1610612752,NYK,7,2.3,1.0,0.3,0.1,0.1,0.0,0.1,0.75,1.0,0.0,-0.9
1628420,Monté Morris,1610612754,IND,6,10.8,3.0,1.2,1.5,0.2,0.2,0.3,0.35,0.25,0.5,-4.8
1630541,Moses Moody,1610612744,GSW,13,24.2,13.2,2.8,1.5,0.9,0.8,1.2,0.442,0.453,0.839,3.4
1631243,Mouhamed Gueye,1610612737,ATL,14,16.5,6.2,3.8,1.4,0.4,0.6,0.9,0.5,0.294,0.5,0.6
1630619,Moussa Cisse,1610612742,DAL,11,12.1,4.5,4.2,0.1,0.3,1.5,0.9,0.667,0.0,0.36,-0.1
1631217,Moussa Diabaté,1610612766,CHA,14,22.8,10.3,7.9,1.1,0.6,1.5,0.8,0.679,0.0,0.704,-3.5
1626167,Myles Turner,1610612749,MIL,15,30.0,12.3,6.3,1.9,1.3,1.7,1.4,0.441,0.434,0.697,2.0
1642066,Myron Gardner,1610612748,MIA,1,2.7,3.0,1.0,1.0,0.0,0.0,0.0,1.0,1.0,0.0,0.0
1642368,N'Faly Dante,1610612737,ATL,4,3.9,0.8,1.8,0.0,0.5,0.0,0.3,0.25,0.0,1.0,2.5
1641772,Nae'Qwan Tomlin,1610612739,CLE,6,12.7,6.2,3.3,0.7,1.0,0.8,0.3,0.519,0.0,0.9,5.3
1630230,Naji Marshall,1610612742,DAL,15,26.3,11.2,4.8,2.3,1.3,0.0,1.0,0.462,0.268,0.79,-6.1
1629675,Naz Reid,1610612750,MIN,14,24.1,12.3,6.1,2.1,0.9,0.9,1.5,0.458,0.36,0.65,0.3
1629674,Neemias Queta,1610612738,BOS,14,24.6,9.3,8.1,1.7,0.8,1.4,0.9,0.613,0.0,0.593,9.0
1629651,Nic Claxton,1610612751,BKN,13,29.4,15.2,7.0,3.9,0.8,1.4,1.3,0.61,0.0,0.712,-7.6
1630208,Nick Richards,1610612756,PHX,14,10.4,4.1,3.5,0.4,0.1,0.5,0.9,0.556,0.0,0.72,-0.8
1641733,Nick Smith Jr.,1610612747,LAL,6,15.0,7.0,1.0,2.2,0.5,0.2,1.7,0.432,0.444,0.667,2.7
1629638,Nickeil Alexander-Walker,1610612737,ATL,12,30.4,17.8,2.8,3.6,1.1,0.9,2.6,0.441,0.324,0.845,3.5
201587,Nicolas Batum,1610612746,LAC,14,17.9,4.2,2.9,0.8,0.9,0.6,0.6,0.333,0.327,1.0,-2.9
1628502,Nigel Hayes-Davis,1610612756,PHX,11,8.5,1.7,1.2,0.5,0.5,0.0,0.5,0.429,0.125,0.0,-4.8
203999,Nikola Jokić,1610612743,DEN,13,34.5,29.2,13.4,11.1,1.8,0.8,3.2,0.648,0.393,0.857,13.9
1631107,Nikola Jović,1610612748,MIA,14,21.3,8.8,4.4,3.1,0.6,0.4,1.8,0.402,0.294,0.743,3.3
202696,Nikola Vučević,1610612741,CHI,13,31.5,15.8,10.0,3.7,0.7,0.5,1.7,0.485,0.41,0.76,-3.7
1642363,Nique Clifford,1610612758,SAC,10,19.2,4.7,3.0,2.2,0.4,0.4,0.7,0.333,0.261,0.7,-0.2
1641730,Noah Clowney,1610612751,BKN,13,25.1,9.5,3.9,1.8,0.6,0.4,1.6,0.347,0.297,0.75,-4.6
1642869,Noah Penda,1610612753,ORL,7,6.7,2.4,1.9,0.9,0.1,0.3,0.4,0.545,1.0,0.75,-0.3
1642849,Nolan Traore,1610612751,BKN,3,11.0,2.3,0.3,1.3,0.7,0.0,0.7,0.222,0.333,0.5,-7.0
1626181,Norman Powell,1610612748,MIA,11,31.3,25.5,3.8,2.5,1.2,0.2,2.2,0.478,0.461,0.932,4.5
1628384,OG Anunoby,1610612752,NYK,12,31.1,15.8,5.6,2.2,1.9,0.7,1.8,0.476,0.392,0.76,10.6
1630167,Obi Toppin,1610612754,IND,3,27.4,14.0,6.7,1.7,1.0,0.0,2.0,0.417,0.176,1.0,-2.7
1630534,Ochai Agbaji,1610612761,TOR,9,13.9,2.7,2.1,0.7,0.6,0.1,0.3,0.36,0.083,0.625,1.8
1641765,Olivier-Maxence Prosper,1610612763,MEM,9,8.5,4.0,2.0,0.6,0.1,0.1,0.4,0.5,0.0,1.0,-3.2
1630168,Onyeka Okongwu,1610612737,ATL,14,29.3,15.7,7.9,2.5,0.9,1.1,1.6,0.517,0.387,0.769,2.6
1631115,Orlando Robinson,1610612753,ORL,1,1.9,0.0,0.0,0.0,0.0,0.0,0.0,0.0,0.0,0.0,-2.0
1642345,Oso Ighodaro,1610612756,PHX,14,15.7,4.2,3.2,1.2,0.4,0.7,1.3,0.52,0.0,0.5,1.4
1631172,Ousmane Dieng,1610612760,OKC,12,11.2,2.4,1.8,0.7,0.1,0.4,0.5,0.306,0.176,1.0,-1.3
1629023,P.J. Washington,1610612742,DAL,14,30.7,15.0,7.5,2.3,0.9,1.1,2.7,0.447,0.305,0.656,-4.8
1641790,PJ Hall,1610612763,MEM,7,3.8,1.9,1.3,0.3,0.0,0.3,0.1,0.556,0.333,0.667,0.3
1642359,Pacôme Dadiet,1610612752,NYK,5,2.9,0.8,0.6,0.4,0.0,0.0,0.0,0.25,0.0,1.0,-1.0
1631094,Paolo Banchero,1610612753,ORL,12,32.8,21.7,8.7,4.1,0.8,0.9,2.7,0.461,0.25,0.766,2.1
1627783,Pascal Siakam,1610612754,IND,13,34.9,24.9,7.1,4.8,1.2,0.4,2.5,0.454,0.362,0.676,-9.2
1626192,Pat Connaughton,1610612766,CHA,10,9.4,3.8,1.9,0.6,0.4,0.1,0.3,0.464,0.353,0.667,-0.8
1630311,Pat Spencer,1610612744,GSW,9,11.0,4.9,1.4,1.8,0.7,0.1,0.6,0.35,0.385,0.917,-2.2
1630172,Patrick Williams,1610612741,CHI,13,21.9,8.0,2.8,1.5,1.2,0.4,1.1,0.432,0.408,0.7,0.1
202331,Paul George,1610612755,PHI,1,21.1,9.0,7.0,3.0,0.0,2.0,1.0,0.222,0.25,0.571,-9.0
1630194,Paul Reed,1610612765,DET,12,12.9,7.1,4.6,1.3,1.1,0.9,1.2,0.685,0.5,0.583,3.2
1630202,Payton Pritchard,1610612738,BOS,14,31.9,16.4,3.9,5.0,0.8,0.0,1.3,0.446,0.321,0.8,4.6
1641796,Pelle Larsson,1610612748,MIA,14,21.8,10.1,2.7,2.8,0.4,0.1,1.2,0.538,0.386,0.806,-1.6
1631250,Pete Nance,1610612749,MIL,1,4.3,10.0,1.0,0.0,0.0,0.0,0.0,0.8,0.667,0.0,11.0
1631212,Peyton Watson,1610612743,DEN,13,23.1,6.4,3.6,1.3,1.2,1.2,1.0,0.441,0.263,0.72,4.9
1630173,Precious Achiuwa,1610612758,SAC,7,16.8,5.9,4.1,0.7,0.7,0.4,0.4,0.548,0.0,0.538,-5.9
1629656,Quentin Grimes,1610612755,PHI,13,31.2,16.8,3.8,4.3,0.9,0.6,2.9,0.476,0.4,0.828,4.4
1631245,Quenton Jackson,1610612754,IND,5,20.1,11.8,3.4,3.6,1.0,0.2,1.2,0.541,0.5,0.722,6.4
1642366,Quinten Post,1610612744,GSW,15,14.3,5.5,3.9,0.9,0.4,0.6,0.6,0.441,0.367,0.714,4.3
1629628,RJ Barrett,1610612761,TOR,14,31.6,19.1,4.9,3.9,0.9,0.3,1.6,0.5,0.338,0.702,-0.1
1642853,Rasheer Fleming,1610612756,PHX,7,5.1,1.7,0.9,0.3,0.1,0.1,0.1,0.333,0.222,0.0,-2.1
1642484,RayJ Dennis,1610612754,IND,11,14.7,5.8,1.7,2.3,0.3,0.4,1.3,0.314,0.324,0.889,-5.0
1641712,Rayan Rupert,1610612757,POR,7,5.7,0.9,1.1,0.3,0.3,0.0,0.1,0.222,0.167,0.5,1.4
1642263,Reed Sheppard,1610612745,HOU,12,22.9,12.6,2.7,3.1,1.6,0.3,1.3,0.491,0.478,0.667,6.4
1642434,Riley Minix,1610612759,SAS,3,2.8,3.0,0.7,0.3,0.3,0.0,0.0,0.667,0.333,0.0,4.3
1642265,Rob Dillingham,1610612750,MIN,12,11.4,4.9,1.1,2.1,0.8,0.0,1.3,0.393,0.231,0.727,-3.3
1629057,Robert Williams III,1610612757,POR,8,12.5,4.1,3.9,0.8,0.6,0.6,0.3,0.615,0.333,0.0,-4.4
1631199,Ron Harper Jr.,1610612738,BOS,3,5.2,2.7,1.0,1.0,0.0,0.3,0.0,0.429,0.333,0.0,1.3
1641842,Ronald Holland II,1610612765,DET,14,24.2,9.1,4.1,1.9,1.7,0.4,1.9,0.392,0.298,0.864,1.4
1626220,Royce O'Neale,1610612756,PHX,14,29.5,11.5,5.5,3.1,1.2,0.1,1.5,0.444,0.437,0.667,-0.7
203497,Rudy Gobert,1610612750,MIN,14,31.3,10.7,9.6,1.5,0.6,1.8,1.7,0.762,0.0,0.489,7.4
1629060,Rui Hachimura,1610612747,LAL,13,34.6,15.8,3.8,1.2,0.7,0.2,1.2,0.577,0.5,0.733,0.4
201566,Russell Westbrook,1610612758,SAC,14,28.5,14.4,6.6,6.4,1.0,0.1,3.2,0.436,0.405,0.674,-6.0
1642346,Ryan Dunn,1610612756,PHX,14,23.9,8.6,5.1,1.8,1.1,0.7,1.0,0.48,0.318,0.692,2.1
1641750,Ryan Kalkbrenner,1610612766,CHA,13,26.6,9.9,7.1,0.4,0.9,2.2,1.7,0.812,0.0,0.81,-0.8
1642948,Ryan Nembhard,1610612742,DAL,5,9.0,3.2,0.2,1.8,0.0,0.0,1.2,0.467,0.0,0.667,-3.8
1631157,Ryan Rollins,1610612749,MIL,15,30.9,17.4,3.7,5.3,1.7,0.2,2.5,0.513,0.463,0.774,1.3
1630180,Saddiq Bey,1610612740,NOP,13,27.5,12.4,4.8,2.0,0.8,0.0,0.7,0.429,0.4,0.704,-8.8
1630573,Sam Hauser,1610612738,BOS,14,21.5,6.5,3.2,1.3,0.5,0.3,0.7,0.313,0.329,0.75,0.6
1630241,Sam Merrill,1610612739,CLE,12,25.9,13.9,2.1,2.3,0.5,0.3,0.8,0.466,0.444,0.938,3.6
1630572,Sandro Mamukelashvili,1610612761,TOR,13,17.9,9.4,3.6,1.8,0.5,0.5,0.9,0.579,0.452,0.8,5.6
1630583,Santi Aldama,1610612763,MEM,14,25.6,12.6,6.9,2.5,1.1,0.6,1.3,0.463,0.313,0.576,-3.9
1630567,Scottie Barnes,1610612761,TOR,14,32.5,19.4,7.7,5.3,1.4,1.8,1.9,0.502,0.404,0.813,3.2
1631101,Shaedon Sharpe,1610612757,POR,13,28.5,22.1,5.2,2.0,1.5,0.2,2.8,0.433,0.275,0.812,2.7
1628983,Shai Gilgeous-Alexander,1610612760,OKC,15,33.3,31.9,4.9,6.7,1.5,0.9,1.7,0.531,0.386,0.904,14.0
1630536,Sharife Cooper,1610612764,WAS,2,2.0,0.0,0.0,0.0,0.0,0.0,0.5,0.0,0.0,0.0,-2.5
1631321,Sidy Cissoko,1610612757,POR,8,11.1,2.4,1.6,0.8,0.3,0.0,0.3,0.467,0.2,0.571,-0.6
1631323,Simone Fontecchio,1610612748,MIA,14,19.0,11.5,2.6,1.1,0.6,0.2,0.9,0.495,0.5,0.857,1.1
1642883,Sion James,1610612766,CHA,14,26.7,7.6,3.1,1.5,0.8,0.4,1.0,0.461,0.444,0.842,-1.5
1642461,Spencer Jones,1610612743,DEN,9,8.6,1.7,0.2,0.4,0.7,0.1,0.7,0.556,0.4,0.75,0.1
201939,Stephen Curry,1610612744,GSW,12,30.6,27.4,3.7,3.7,1.4,0.4,2.7,0.458,0.381,0.933,2.1
1642264,Stephon Castle,1610612759,SAS,13,32.0,17.3,5.8,7.5,1.7,0.4,4.0,0.497,0.24,0.694,4.6
203500,Steven Adams,1610612745,HOU,11,21.7,6.1,9.4,1.5,0.7,0.7,1.1,0.51,0.0,0.739,7.5
1629004,Svi Mykhailiuk,1610612762,UTA,13,27.1,9.5,2.5,2.1,0.5,0.2,0.7,0.469,0.371,0.833,-1.5
204456,T.J. McConnell,1610612754,IND,4,14.6,6.5,1.0,2.3,0.8,0.0,0.3,0.343,0.167,1.0,-16.3
1643007,Taelon Peter,1610612754,IND,10,9.0,2.0,1.4,1.3,0.2,0.2,0.8,0.25,0.227,1.0,-3.5
1631106,Tari Eason,1610612745,HOU,11,23.2,11.5,5.2,1.6,0.8,0.5,1.7,0.495,0.509,0.714,4.0
1627752,Taurean Prince,1610612749,MIL,8,21.1,6.1,1.6,1.0,0.8,0.3,0.6,0.447,0.429,1.0,1.6
1641707,Taylor Hendricks,1610612762,UTA,9,16.5,4.4,4.2,0.4,0.4,0.3,0.6,0.375,0.235,0.75,-3.8
1629611,Terance Mann,1610612751,BKN,13,27.1,9.9,3.1,3.2,0.8,0.2,0.8,0.475,0.375,0.857,-6.3
1630545,Terrence Shannon Jr.,1610612750,MIN,7,16.5,3.9,2.4,1.1,0.6,0.0,0.9,0.321,0.364,0.714,-6.9
203648,Thanasis Antetokounmpo,1610612749,MIL,4,2.3,0.5,0.3,0.0,0.3,0.5,0.0,0.5,0.0,0.0,1.5
1628418,Thomas Bryant,1610612739,CLE,9,6.7,2.2,1.9,0.1,0.3,0.3,0.1,0.435,0.0,0.0,0.6
1642275,Tidjane Salaün,1610612766,CHA,7,11.9,3.1,3.6,0.7,0.3,0.1,0.4,0.368,0.333,0.667,2.7
203501,Tim Hardaway Jr.,1610612743,DEN,13,22.8,11.4,1.9,1.5,0.6,0.1,0.2,0.462,0.471,0.944,6.4
202699,Tobias Harris,1610612765,DET,6,32.2,13.5,6.0,2.8,0.8,0.2,1.3,0.394,0.286,0.944,-1.0
1642449,Tolu Smith,1610612765,DET,2,11.1,8.5,5.5,1.0,0.5,0.5,0.5,0.75,0.0,0.714,-1.0
1628396,Tony Bradley,1610612754,IND,14,14.5,5.6,3.4,0.8,0.1,0.2,0.5,0.589,0.0,0.684,-4.6
1641739,Toumani Camara,1610612757,POR,13,34.6,12.3,5.2,2.9,1.1,0.5,2.0,0.41,0.314,0.714,-2.5
1629027,Trae Young,1610612737,ATL,5,27.8,17.8,2.0,7.8,0.8,0.2,2.0,0.371,0.192,0.821,-4.8
1631218,Trayce Jackson-Davis,1610612744,GSW,9,11.1,4.2,2.3,1.2,0.3,0.4,0.8,0.536,0.0,0.727,-2.9
1642848,Tre Johnson,1610612764,WAS,13,25.1,11.5,3.2,1.4,0.3,0.5,1.5,0.424,0.373,0.857,-6.8
1630200,Tre Jones,1610612741,CHI,11,29.9,13.3,4.0,5.5,2.1,0.2,1.6,0.495,0.353,0.846,-5.4
1630544,Tre Mann,1610612766,CHA,14,22.0,10.1,3.1,3.1,0.8,0.1,1.9,0.365,0.306,0.923,-6.1
1630570,Trendon Watford,1610612755,PHI,10,21.3,8.9,4.6,3.7,0.4,0.2,1.4,0.538,0.417,0.737,2.9
1641998,Trey Jemison III,1610612752,NYK,1,7.7,0.0,2.0,0.0,0.0,0.0,0.0,0.0,0.0,0.0,3.0
1630530,Trey Murphy III,1610612740,NOP,14,35.6,19.7,6.8,3.1,1.5,0.1,2.1,0.466,0.377,0.939,-11.2
1641774,Tristan Vukcevic,1610612764,WAS,10,5.9,2.9,0.9,0.4,0.1,0.4,0.5,0.455,0.3,0.6,-1.1
1641783,Tristan da Silva,1610612753,ORL,14,23.2,11.6,3.9,1.0,0.9,0.2,0.9,0.487,0.406,0.792,7.1
1642278,Tyler Kolek,1610612752,NYK,10,6.7,2.3,0.5,1.3,0.1,0.0,0.6,0.417,0.231,0.0,-1.2
1631213,Tyrese Martin,1610612751,BKN,13,21.1,7.3,3.2,2.5,0.5,0.2,1.1,0.371,0.298,0.667,-2.5
1630178,Tyrese Maxey,1610612755,PHI,13,40.4,32.5,4.9,7.7,1.4,0.8,2.6,0.456,0.413,0.886,4.1
1642878,Tyrese Proctor,1610612739,CLE,12,11.9,5.0,1.0,1.2,0.3,0.0,0.5,0.339,0.293,0.857,-3.6
1630623,Tyson Etienne,1610612751,BKN,5,5.1,1.2,0.0,0.0,0.0,0.0,0.0,0.182,0.2,0.0,2.2
1626145,Tyus Jones,1610612753,ORL,14,12.7,1.4,0.9,1.4,0.7,0.1,0.4,0.257,0.105,0.0,-4.9
1642845,VJ Edgecombe,1610612755,PHI,13,37.3,15.5,5.7,4.3,1.2,0.4,1.8,0.412,0.375,0.727,4.0
1641705,Victor Wembanyama,1610612759,SAS,12,34.7,26.2,12.9,4.0,1.1,3.6,3.6,0.502,0.345,0.857,7.1
1631246,Vince Williams Jr.,1610612763,MEM,9,19.3,8.0,4.2,2.7,0.8,0.2,2.0,0.397,0.359,0.857,-2.1
1630249,Vít Krejčí,1610612737,ATL,10,21.1,11.1,2.4,1.8,0.5,0.3,0.6,0.542,0.481,0.7,0.2
1631117,Walker Kessler,1610612762,UTA,5,30.8,14.4,10.8,3.0,1.4,1.8,3.2,0.703,0.75,0.7,2.8
1642383,Walter Clayton Jr.,1610612762,UTA,11,16.1,6.2,2.4,3.2,0.5,0.3,1.4,0.407,0.345,1.0,-2.7
1628976,Wendell Carter Jr.,1610612753,ORL,14,29.9,12.4,7.4,1.8,0.6,0.9,2.1,0.527,0.45,0.784,1.5
1631111,Wendell Moore Jr.,1610612765,DET,3,14.4,2.0,1.3,1.0,0.7,0.3,0.3,0.5,0.0,0.0,10.7
1642954,Will Richard,1610612744,GSW,13,18.2,9.4,2.5,1.3,1.1,0.1,0.8,0.566,0.409,0.783,-2.1
1642860,Will Riley,1610612764,WAS,9,7.1,2.2,1.6,0.8,0.2,0.0,0.2,0.444,0.25,0.5,-2.8
1630214,Xavier Tillman,1610612738,BOS,7,8.7,2.9,2.4,0.6,0.4,0.1,0.1,0.5,0.25,0.0,-2.4
1642905,Yang Hansen,1610612757,POR,5,5.8,1.8,0.8,0.0,0.0,0.4,0.6,0.222,0.0,0.833,-3.0
1642949,Yanic Konan Niederhäuser,1610612746,LAC,5,4.5,3.8,1.2,0.4,0.0,0.2,0.2,0.875,0.0,0.625,3.0
1642274,Yves Missi,1610612740,NOP,9,19.5,5.9,4.8,1.3,0.3,1.0,1.2,0.611,0.0,0.5,-5.4
1642258,Zaccharie Risacher,1610612737,ATL,12,24.7,12.9,2.7,1.5,1.2,0.6,0.8,0.477,0.345,0.684,6.8
1641744,Zach Edey,1610612763,MEM,1,24.7,13.0,7.0,0.0,2.0,2.0,1.0,0.429,0.0,0.778,1.0
203897,Zach LaVine,1610612758,SAC,12,34.4,22.7,3.5,2.3,0.6,0.2,2.0,0.511,0.422,0.885,-13.3
1630192,Zeke Nnaji,1610612743,DEN,6,3.5,1.8,0.3,0.3,0.0,0.0,0.3,0.571,0.25,0.667,-1.8
1630533,Ziaire Williams,1610612751,BKN,11,22.9,10.0,2.5,0.5,0.9,0.5,0.8,0.395,0.313,0.846,-7.1
1629627,Zion Williamson,1610612740,NOP,5,31.5,22.8,6.8,4.6,2.0,0.2,3.4,0.487,0.0,0.667,-5.6
