PLAYER_ID,PLAYER_NAME,TEAM_ID,TEAM_ABBREVIATION,GP,MIN,PTS,REB,AST,STL,BLK,TOV,FG_PCT,FG3_PCT,FT_PCT,PLUS_MINUS
1630639,A.J. Lawson,1610612761,TOR,14,7.9,3.5,1.6,0.2,0.3,0.2,0.3,0.39,0.364,1.0,-2.2
1631260,AJ Green,1610612749,MIL,59,29.7,9.9,2.5,1.9,0.5,0.1,0.8,0.416,0.406,0.805,-0.6
1642358,AJ Johnson,1610612742,DAL,36,9.0,2.9,1.2,0.9,0.2,0.0,0.6,0.317,0.214,0.818,-0.7
203932,Aaron Gordon,1610612743,DEN,24,27.6,17.0,6.0,2.5,0.7,0.2,1.0,0.5,0.389,0.784,7.6
1628988,Aaron Holiday,1610612745,HOU,41,13.1,5.6,0.9,0.9,0.4,0.1,0.6,0.409,0.372,0.865,1.0
1630174,Aaron Nesmith,1610612754,IND,36,29.1,12.4,4.5,2.0,0.6,0.6,1.4,0.378,0.353,0.811,-3.7
1630598,Aaron Wiggins,1610612760,OKC,50,23.6,10.3,3.4,1.9,1.0,0.5,1.3,0.428,0.358,0.75,3.7
1642846,Ace Bailey,1610612762,UTA,57,26.9,12.4,4.0,1.7,0.9,0.5,1.4,0.441,0.338,0.742,-6.1
1641737,Adem Bona,1610612755,PHI,54,17.1,4.6,4.2,0.4,0.4,1.2,0.8,0.61,0.4,0.675,-0.1
1642876,Adou Thiero,1610612747,LAL,18,5.7,1.6,1.1,0.3,0.3,0.1,0.2,0.476,0.0,0.8,0.0
1642349,Ajay Mitchell,1610612760,OKC,43,26.2,14.1,3.5,3.7,1.4,0.3,1.6,0.487,0.35,0.87,9.3
201143,Al Horford,1610612744,GSW,41,21.8,8.3,5.0,2.6,0.7,1.1,1.0,0.434,0.364,0.846,0.0
1627936,Alex Caruso,1610612760,OKC,43,18.5,6.4,2.7,2.0,1.4,0.3,0.9,0.426,0.312,0.775,6.9
1642259,Alex Sarr,1610612764,WAS,42,27.9,16.9,7.7,2.8,0.8,2.0,1.7,0.495,0.336,0.691,-6.9
1642918,Alijah Martin,1610612761,TOR,14,7.0,2.4,1.0,0.6,0.4,0.2,0.2,0.333,0.154,0.833,-0.6
1631214,Alondes Williams,1610612764,WAS,4,25.2,11.0,6.3,3.0,0.8,0.8,1.3,0.615,0.357,0.875,8.8
1630578,Alperen Sengun,1610612745,HOU,56,33.6,20.4,9.0,6.1,1.3,1.1,3.4,0.504,0.284,0.692,2.4
1642873,Amari Williams,1610612738,BOS,17,6.9,1.3,1.8,0.4,0.1,0.5,0.4,0.438,0.0,0.667,-2.2
1641708,Amen Thompson,1610612745,HOU,61,37.1,17.6,7.7,5.3,1.5,0.6,2.5,0.518,0.204,0.77,4.6
1629599,Amir Coffey,1610612756,PHX,40,10.4,3.1,1.3,0.6,0.2,0.1,0.1,0.478,0.317,0.786,-1.4
203083,Andre Drummond,1610612755,PHI,48,19.5,6.6,8.5,1.0,0.6,0.8,1.0,0.486,0.333,0.616,-2.6
1641748,Andre Jackson Jr.,1610612749,MIL,33,6.2,1.3,1.1,0.8,0.2,0.1,0.4,0.237,0.176,0.9,-0.7
1629614,Andrew Nembhard,1610612754,IND,50,31.1,16.9,2.8,7.3,0.9,0.1,2.5,0.441,0.359,0.811,-7.5
203952,Andrew Wiggins,1610612748,MIA,57,31.0,15.9,5.1,2.8,1.1,1.0,1.6,0.474,0.399,0.788,0.8
1629014,Anfernee Simons,1610612741,CHI,55,24.9,14.3,2.5,2.4,0.5,0.1,1.2,0.44,0.385,0.896,1.8
1641710,Anthony Black,1610612753,ORL,60,30.7,15.3,3.9,3.8,1.4,0.7,2.1,0.451,0.339,0.73,0.1
203076,Anthony Davis,1610612764,WAS,20,31.3,20.4,11.1,2.8,1.1,1.7,2.1,0.506,0.27,0.728,-2.5
1630162,Anthony Edwards,1610612750,MIN,54,35.6,29.6,5.1,3.6,1.4,0.8,2.8,0.495,0.409,0.791,3.5
1630264,Anthony Gill,1610612764,WAS,36,12.5,4.0,2.3,0.9,0.4,0.3,0.6,0.594,0.32,0.714,-2.3
1641810,Antonio Reeves,1610612766,CHA,9,7.3,3.0,0.9,0.2,0.1,0.0,0.1,0.5,0.538,0.0,3.0
1630574,Ariel Hukporti,1610612752,NYK,46,8.8,1.9,2.8,0.5,0.2,0.5,0.6,0.559,0.25,0.75,0.3
1642854,Asa Newell,1610612737,ATL,40,11.1,5.0,2.0,0.5,0.4,0.3,0.5,0.537,0.391,0.56,-0.8
1641709,Ausar Thompson,1610612765,DET,57,25.6,10.2,5.9,2.9,1.9,0.9,1.4,0.522,0.273,0.578,4.5
1630559,Austin Reaves,1610612747,LAL,38,33.5,23.5,4.7,5.4,1.1,0.4,3.1,0.495,0.373,0.876,2.1
1630245,Ayo Dosunmu,1610612750,MIN,56,26.3,14.2,2.8,3.4,0.8,0.3,1.3,0.511,0.438,0.863,-2.3
1628389,Bam Adebayo,1610612748,MIA,57,31.5,18.9,9.8,2.9,1.1,0.7,1.7,0.447,0.33,0.774,5.6
1631248,Baylor Scheierman,1610612738,BOS,59,16.5,4.8,3.2,1.2,0.6,0.1,0.5,0.466,0.389,0.889,3.1
1642879,Ben Saraf,1610612751,BKN,27,16.9,5.0,1.4,2.7,0.7,0.1,1.9,0.353,0.241,0.757,-3.6
1641767,Ben Sheppard,1610612754,IND,53,21.6,6.9,3.0,1.8,0.6,0.1,0.6,0.412,0.347,0.756,-5.0
1631097,Bennedict Mathurin,1610612746,LAC,39,31.1,17.9,5.7,2.3,0.8,0.3,2.2,0.427,0.33,0.872,-3.6
1641731,Bilal Coulibaly,1610612764,WAS,43,26.1,10.4,4.3,2.5,1.4,0.9,1.4,0.41,0.289,0.732,-6.1
202687,Bismack Biyombo,1610612759,SAS,19,5.7,0.8,0.8,0.3,0.2,0.1,0.3,0.667,0.0,0.8,-2.9
1642396,Blake Hinson,1610612762,UTA,7,19.8,9.0,2.4,0.7,0.0,0.1,0.1,0.489,0.455,0.5,-1.9
1631104,Blake Wesley,1610612757,POR,21,13.9,5.5,1.4,2.5,0.8,0.1,1.2,0.449,0.333,0.545,-3.8
1626171,Bobby Portis,1610612749,MIL,61,24.0,13.3,6.3,1.5,0.5,0.2,1.0,0.495,0.46,0.724,-3.6
1641752,Bobi Klintman,1610612765,DET,11,6.3,1.8,1.6,0.5,0.3,0.0,0.5,0.308,0.308,0.0,-0.5
203992,Bogdan Bogdanović,1610612746,LAC,18,21.6,7.7,2.9,2.7,0.6,0.1,1.3,0.367,0.321,0.826,-1.4
1630538,Bones Hyland,1610612750,MIN,55,14.8,7.1,1.7,2.5,0.5,0.2,0.9,0.452,0.38,0.725,1.2
203078,Bradley Beal,1610612746,LAC,6,20.2,8.2,0.8,1.7,0.5,0.0,1.5,0.375,0.368,0.75,-3.8
1642382,Branden Carlson,1610612760,OKC,35,10.8,4.9,2.6,0.6,0.2,0.5,0.4,0.522,0.344,0.529,0.7
1641764,Brandin Podziemski,1610612744,GSW,63,27.8,12.7,5.2,3.7,1.1,0.2,1.5,0.448,0.363,0.77,1.0
1629634,Brandon Clarke,1610612763,MEM,2,10.2,4.0,3.0,0.5,1.0,0.0,0.0,0.333,0.0,0.5,-6.0
1627742,Brandon Ingram,1610612761,TOR,61,34.0,21.7,5.7,3.8,0.8,0.8,2.5,0.47,0.37,0.822,0.4
1641706,Brandon Miller,1610612766,CHA,48,30.0,20.6,5.0,3.4,1.1,0.8,2.9,0.433,0.378,0.886,4.2
1630314,Brandon Williams,1610612742,DAL,55,22.2,13.1,2.9,3.8,0.9,0.3,1.9,0.471,0.243,0.777,-1.1
1641729,Brice Sensabaugh,1610612762,UTA,61,22.1,12.7,3.0,1.6,0.7,0.1,1.2,0.439,0.338,0.834,-3.6
1642355,Bronny James,1610612747,LAL,31,7.2,2.1,0.5,1.2,0.4,0.1,0.5,0.397,0.414,0.8,-0.6
201572,Brook Lopez,1610612746,LAC,56,19.8,7.7,3.1,1.1,0.6,1.0,0.8,0.411,0.349,0.841,0.3
1642964,Brooks Barnhizer,1610612760,OKC,33,7.8,1.4,1.7,0.5,0.2,0.1,0.2,0.38,0.294,0.667,-1.8
1628971,Bruce Brown,1610612743,DEN,64,25.2,7.6,4.0,2.2,1.1,0.2,1.1,0.465,0.364,0.763,-1.6
1631121,Bryce McGowens,1610612740,NOP,42,21.0,8.1,2.1,1.5,0.6,0.2,0.4,0.481,0.409,0.779,-1.7
1642267,Bub Carrington,1610612764,WAS,63,27.5,9.8,3.6,4.5,0.7,0.2,2.3,0.396,0.393,0.741,-8.6
1631205,Buddy Boeheim,1610612760,OKC,4,3.8,1.5,0.0,0.0,0.0,0.0,0.0,0.333,0.333,0.0,1.5
1627741,Buddy Hield,1610612737,ATL,45,17.2,7.9,2.4,1.5,0.8,0.2,1.0,0.432,0.342,0.794,-2.0
203468,CJ McCollum,1610612737,ATL,59,29.9,18.7,3.4,3.7,0.8,0.4,1.8,0.452,0.376,0.784,-1.3
1630595,Cade Cunningham,1610612765,DET,56,35.2,25.2,5.7,9.8,1.4,0.9,3.8,0.456,0.343,0.813,7.1
1631216,Caleb Houstan,1610612737,ATL,12,4.5,1.9,0.5,0.2,0.1,0.1,0.3,0.467,0.5,1.0,-0.6
1631126,Caleb Love,1610612757,POR,45,22.2,11.3,2.5,2.7,0.6,0.1,1.4,0.39,0.321,0.735,-2.6
1628997,Caleb Martin,1610612742,DAL,55,14.9,3.9,2.5,1.4,0.7,0.2,0.7,0.458,0.365,0.579,-3.0
1642353,Cam Christie,1610612746,LAC,43,9.4,3.1,1.5,0.6,0.3,0.1,0.4,0.379,0.267,0.75,-0.4
1642285,Cam Spencer,1610612763,MEM,60,23.8,11.4,2.7,5.5,0.7,0.1,1.3,0.478,0.443,0.93,-0.3
1630560,Cam Thomas,1610612749,MIL,37,21.8,14.5,1.8,2.7,0.2,0.1,1.8,0.411,0.319,0.831,-4.7
1641715,Cam Whitmore,1610612764,WAS,21,16.9,9.2,2.8,0.7,0.7,0.4,0.9,0.456,0.286,0.742,-7.2
1629661,Cameron Johnson,1610612743,DEN,38,30.6,11.2,3.8,2.4,0.6,0.3,0.9,0.448,0.405,0.84,4.9
1626166,Cameron Payne,1610612755,PHI,9,13.6,3.6,1.0,2.2,1.2,0.1,0.3,0.283,0.188,0.0,-2.2
1627747,Caris LeVert,1610612765,DET,45,19.3,7.2,1.8,2.6,0.9,0.6,1.4,0.418,0.331,0.683,0.4
1642868,Carter Bryant,1610612759,SAS,53,10.0,3.5,2.3,0.4,0.2,0.3,0.4,0.374,0.34,0.667,-0.3
1641717,Cason Wallace,1610612760,OKC,62,27.5,8.9,3.1,2.7,2.1,0.3,1.0,0.43,0.346,0.786,6.6
1642907,Cedric Coward,1610612763,MEM,50,26.1,13.4,6.2,2.8,0.6,0.4,1.8,0.466,0.339,0.846,1.0
1629646,Charles Bassey,1610612755,PHI,3,11.7,3.0,5.0,0.7,0.3,0.7,0.3,0.444,0.0,0.333,-5.0
1642404,Chaz Lanier,1610612765,DET,22,8.2,2.8,0.9,0.6,0.2,0.0,0.1,0.35,0.319,1.0,1.2
1631096,Chet Holmgren,1610612760,OKC,56,29.3,17.3,9.0,1.8,0.5,1.9,1.6,0.552,0.356,0.784,8.7
1628449,Chris Boucher,1610612738,BOS,9,10.5,2.3,2.0,0.3,0.6,0.8,0.1,0.32,0.133,0.75,0.6
1641753,Chris Livingston,1610612739,CLE,3,5.8,3.0,1.0,0.3,0.3,0.0,0.0,0.571,0.0,1.0,2.7
1643024,Chris Mañon,1610612747,LAL,6,4.2,0.3,1.0,0.2,0.5,0.3,0.2,0.0,0.0,1.0,0.0
101108,Chris Paul,1610612746,LAC,16,14.2,2.9,1.8,3.3,0.7,0.0,1.0,0.321,0.333,0.5,-5.3
1642959,Chris Youngblood,1610612757,POR,32,5.4,2.0,0.9,0.3,0.1,0.1,0.1,0.333,0.314,0.9,0.2
1631128,Christian Braun,1610612743,DEN,28,31.6,10.8,4.8,3.0,0.6,0.3,1.2,0.489,0.28,0.757,5.8
1631132,Christian Koloko,1610612737,ATL,22,14.1,2.7,3.2,0.6,0.6,1.0,0.5,0.426,0.2,0.7,0.5
1642935,Chucky Hepburn,1610612761,TOR,2,6.6,0.0,0.5,1.0,0.5,0.0,0.5,0.0,0.0,0.0,-8.0
203991,Clint Capela,1610612745,HOU,57,12.1,3.6,4.5,0.6,0.5,0.8,0.5,0.503,0.0,0.627,2.1
1629632,Coby White,1610612766,CHA,35,27.2,17.5,3.5,4.6,0.7,0.1,2.8,0.433,0.34,0.802,1.0
1628998,Cody Martin,1610612754,IND,4,13.8,1.8,3.5,0.5,1.0,0.5,1.0,0.2,0.0,0.5,-7.0
1642262,Cody Williams,1610612762,UTA,50,20.7,6.1,2.6,1.1,0.7,0.4,0.7,0.47,0.226,0.653,-4.6
1641732,Colby Jones,1610612765,DET,1,6.8,2.0,4.0,2.0,0.0,0.0,0.0,0.333,0.0,0.0,12.0
1630175,Cole Anthony,1610612749,MIL,35,15.0,6.7,2.5,3.5,0.6,0.3,1.9,0.424,0.306,0.615,-3.2
1631221,Collin Gillespie,1610612756,PHX,63,28.9,13.6,4.1,4.8,1.3,0.2,1.7,0.434,0.424,0.855,2.2
1642867,Collin Murray-Boyles,1610612761,TOR,47,22.3,7.8,5.0,2.0,0.9,0.9,1.1,0.557,0.354,0.653,-0.4
1629012,Collin Sexton,1610612741,CHI,54,22.9,14.6,2.0,3.4,1.0,0.1,2.1,0.49,0.392,0.864,-0.4
1642843,Cooper Flagg,1610612742,DAL,52,33.7,20.2,6.6,4.2,1.2,0.9,2.3,0.472,0.295,0.807,-3.6
1630557,Corey Kispert,1610612737,ATL,43,20.2,9.8,2.5,1.7,0.3,0.2,0.8,0.472,0.373,0.824,-3.0
1641854,Craig Porter Jr.,1610612739,CLE,56,17.7,4.5,3.3,3.3,1.0,0.6,0.9,0.442,0.354,0.556,1.3
1642938,Curtis Jones,1610612743,DEN,6,5.1,1.5,0.8,0.5,0.0,0.0,0.2,0.286,0.111,0.0,0.7
1626156,D'Angelo Russell,1610612764,WAS,26,19.0,10.2,2.3,4.0,0.5,0.1,1.9,0.405,0.295,0.717,-1.6
1641747,DaRon Holmes II,1610612743,DEN,19,10.2,4.4,1.5,0.8,0.0,0.2,0.4,0.5,0.439,0.818,-0.8
1631342,Daeqwon Plowden,1610612758,SAC,16,22.7,7.4,2.9,1.2,0.4,0.3,0.4,0.396,0.269,0.895,-7.9
1630625,Dalano Banton,1610612738,BOS,5,5.0,2.0,0.2,0.8,0.2,0.2,0.4,0.444,0.0,1.0,-2.4
1631207,Dalen Terry,1610612755,PHI,38,10.8,3.3,1.8,1.2,0.7,0.3,0.6,0.416,0.412,0.571,-0.9
1642261,Dalton Knecht,1610612747,LAL,47,10.8,4.3,1.4,0.3,0.2,0.2,0.4,0.448,0.307,0.7,-1.4
1629655,Daniel Gafford,1610612742,DAL,46,21.5,8.6,6.6,1.0,0.8,1.3,1.2,0.641,0.0,0.743,-3.4
1642450,Daniss Jenkins,1610612765,DET,54,17.1,7.5,1.8,2.9,0.8,0.2,1.3,0.401,0.362,0.756,2.1
1642874,Danny Wolf,1610612751,BKN,49,20.3,8.7,4.6,2.3,0.6,0.5,1.2,0.41,0.32,0.771,-3.1
203967,Dario Saric,1610612758,SAC,5,8.2,1.0,1.2,0.4,0.0,0.0,0.4,0.167,0.333,1.0,0.0
1642468,Darius Brown,1610612739,CLE,1,2.7,0.0,1.0,0.0,0.0,0.0,0.0,0.0,0.0,0.0,-4.0
1629636,Darius Garland,1610612746,LAC,29,29.8,17.7,2.5,6.8,0.8,0.1,2.9,0.45,0.361,0.857,-0.2
1642357,David Jones Garcia,1610612759,SAS,11,6.2,2.9,1.2,1.6,0.5,0.1,0.5,0.52,0.6,0.5,3.5
1631223,David Roddy,1610612743,DEN,1,6.4,0.0,0.0,1.0,1.0,0.0,0.0,0.0,0.0,0.0,-13.0
1630558,Davion Mitchell,1610612748,MIA,54,28.4,8.8,2.6,6.8,1.1,0.2,1.5,0.476,0.42,0.66,4.6
1630549,Day'Ron Sharpe,1610612751,BKN,61,18.7,8.5,6.7,2.3,1.1,0.4,1.7,0.597,0.211,0.673,-2.1
1628368,De'Aaron Fox,1610612759,SAS,55,31.4,18.9,3.7,6.3,1.2,0.3,2.3,0.486,0.341,0.763,5.0
1629631,De'Andre Hunter,1610612758,SAC,45,26.1,13.7,4.1,2.0,0.7,0.1,1.7,0.415,0.305,0.867,-0.5
1629001,De'Anthony Melton,1610612744,GSW,34,22.6,12.7,2.9,2.4,1.6,0.4,1.7,0.413,0.291,0.809,5.8
201599,DeAndre Jordan,1610612740,NOP,9,16.6,4.2,6.7,0.7,0.3,0.9,1.0,0.75,0.0,0.615,0.1
201942,DeMar DeRozan,1610612758,SAC,64,31.7,18.2,3.0,3.9,1.1,0.3,1.1,0.488,0.326,0.862,-8.0
1629731,Dean Wade,1610612739,CLE,49,22.6,5.8,4.2,1.6,0.8,0.4,0.3,0.43,0.359,0.711,2.6
1629028,Deandre Ayton,1610612747,LAL,55,27.2,12.4,8.2,0.8,0.6,0.9,1.3,0.667,0.0,0.66,-1.4
1627749,Dejounte Murray,1610612740,NOP,6,25.7,16.0,5.3,5.3,1.8,0.3,3.5,0.471,0.269,0.893,2.2
1630166,Deni Avdija,1610612757,POR,49,33.1,24.1,6.9,6.6,0.8,0.6,3.8,0.462,0.339,0.801,-1.0
203471,Dennis Schröder,1610612739,CLE,53,25.8,12.1,2.9,5.1,0.9,0.2,2.0,0.404,0.338,0.829,-4.0
1641726,Dereck Lively II,1610612742,DAL,7,16.5,4.3,5.3,1.9,0.6,1.6,1.4,0.611,0.0,0.8,2.0
1642852,Derik Queen,1610612740,NOP,65,25.4,11.9,7.1,3.9,1.0,0.9,2.3,0.484,0.262,0.786,-3.4
1627884,Derrick Jones Jr.,1610612746,LAC,31,26.6,11.1,2.8,1.2,0.8,1.0,0.8,0.516,0.358,0.776,1.9
1628401,Derrick White,1610612738,BOS,62,34.2,17.2,4.4,5.7,1.2,1.5,1.8,0.392,0.328,0.905,8.0
1630217,Desmond Bane,1610612753,ORL,63,34.1,20.4,4.2,4.2,1.0,0.5,2.0,0.487,0.387,0.921,2.0
1626164,Devin Booker,1610612756,PHX,48,33.3,24.9,3.9,6.1,0.9,0.3,3.3,0.45,0.314,0.87,3.3
1642269,Devin Carter,1610612758,SAC,26,14.2,6.1,2.5,2.1,0.8,0.2,1.0,0.371,0.155,0.792,-3.3
1630170,Devin Vassell,1610612759,SAS,51,30.6,14.2,3.9,2.4,0.8,0.4,1.0,0.437,0.382,0.814,7.1
1628415,Dillon Brooks,1610612756,PHX,50,30.6,20.9,3.7,1.8,1.0,0.2,1.8,0.44,0.343,0.856,-0.7
1641794,Dillon Jones,1610612752,NYK,5,4.8,1.4,1.2,0.8,0.4,0.0,0.0,0.2,0.333,1.0,0.4
1627734,Domantas Sabonis,1610612758,SAC,19,29.7,15.8,11.4,4.1,0.9,0.2,2.7,0.543,0.185,0.727,-9.3
1631230,Dominick Barlow,1610612755,PHI,52,24.1,8.1,4.7,1.2,1.0,0.7,0.8,0.534,0.284,0.737,-0.6
1642270,Donovan Clingan,1610612757,POR,60,27.1,11.8,11.5,2.1,0.5,1.5,1.2,0.525,0.337,0.654,-0.7
1628378,Donovan Mitchell,1610612739,CLE,56,33.5,28.6,4.5,5.8,1.6,0.3,3.0,0.483,0.369,0.851,6.5
1628978,Donte DiVincenzo,1610612750,MIN,64,31.1,12.7,4.4,4.2,1.4,0.4,1.5,0.418,0.39,0.767,5.7
1627827,Dorian Finney-Smith,1610612745,HOU,28,17.2,3.3,2.6,0.8,0.4,0.1,0.6,0.327,0.273,1.0,-1.3
203926,Doug McDermott,1610612758,SAC,13,9.3,4.0,0.8,0.3,0.2,0.1,0.5,0.395,0.39,1.0,-2.9
1642962,Drake Powell,1610612751,BKN,47,19.0,6.0,1.7,1.5,0.5,0.1,1.0,0.424,0.282,0.898,-5.4
203110,Draymond Green,1610612744,GSW,52,27.0,8.6,5.6,5.2,0.8,0.6,2.7,0.415,0.324,0.705,-0.8
1629234,Drew Eubanks,1610612758,SAC,40,13.1,5.3,2.9,0.4,0.4,0.6,0.7,0.6,0.143,0.566,-4.2
1641809,Drew Peterson,1610612766,CHA,6,10.7,0.8,1.5,0.3,0.5,0.2,0.0,0.125,0.0,0.5,-1.7
1631166,Drew Timme,1610612747,LAL,19,9.1,3.5,1.3,0.8,0.3,0.0,0.4,0.583,0.412,0.571,1.4
1630696,Dru Smith,1610612748,MIA,62,16.9,5.9,2.6,2.6,1.5,0.3,0.8,0.41,0.306,0.83,-0.5
1629130,Duncan Robinson,1610612765,DET,61,28.0,11.9,2.6,2.0,0.6,0.3,0.7,0.43,0.392,0.769,5.3
1641871,Duop Reath,1610612757,POR,32,8.1,2.9,1.2,0.3,0.2,0.3,0.2,0.446,0.418,0.833,-1.2
203939,Dwight Powell,1610612742,DAL,48,14.0,3.2,3.8,0.9,0.5,0.4,0.6,0.653,0.333,0.671,1.6
1642928,Dylan Cardwell,1610612758,SAC,29,21.2,5.4,7.7,1.2,0.8,1.6,0.8,0.598,0.0,0.55,-0.6
1642844,Dylan Harper,1610612759,SAS,53,22.1,11.2,3.2,3.7,0.9,0.3,1.4,0.486,0.286,0.733,3.6
1630700,Dyson Daniels,1610612737,ATL,61,33.3,11.5,6.6,6.1,1.9,0.4,1.8,0.506,0.135,0.598,2.0
1630604,E.J. Liddell,1610612751,BKN,10,4.9,2.2,1.1,0.0,0.1,0.0,0.0,0.471,0.364,0.667,0.3
1642856,Egor Dëmin,1610612751,BKN,52,25.2,10.3,3.2,3.3,0.8,0.3,1.7,0.399,0.385,0.831,-3.1
1641989,Elijah Harkless,1610612762,UTA,15,14.1,3.6,1.3,1.9,0.9,0.1,0.5,0.32,0.222,0.762,3.3
1641801,Emanuel Miller,1610612759,SAS,5,6.6,3.0,0.6,0.8,0.4,0.0,0.0,0.462,0.333,0.5,-3.8
1642402,Enrique Freeman,1610612750,MIN,2,4.0,0.0,1.5,0.0,0.0,0.5,0.0,0.0,0.0,0.0,4.0
201569,Eric Gordon,1610612755,PHI,6,12.3,5.5,0.3,0.5,0.7,0.2,0.5,0.571,0.571,0.5,-5.2
1630679,Ethan Thompson,1610612754,IND,23,16.5,4.9,1.8,1.4,0.6,0.3,0.6,0.367,0.309,0.688,0.0
1630596,Evan Mobley,1610612739,CLE,49,32.6,17.8,8.7,3.7,0.9,1.9,2.0,0.517,0.315,0.632,3.6
1630532,Franz Wagner,1610612753,ORL,28,31.8,21.3,5.8,3.6,1.1,0.3,1.7,0.479,0.365,0.828,1.3
1641713,GG Jackson,1610612763,MEM,42,20.1,10.8,4.3,1.3,0.7,0.8,1.4,0.503,0.348,0.719,-0.5
1629216,Gabe Vincent,1610612737,ATL,36,18.0,4.5,0.9,1.4,0.5,0.1,0.4,0.34,0.339,0.917,0.8
202066,Garrett Temple,1610612761,TOR,15,2.8,0.5,0.3,0.3,0.2,0.1,0.2,0.125,0.167,0.667,-1.1
1629726,Garrison Mathews,1610612754,IND,15,13.1,5.2,1.1,0.7,0.4,0.2,0.2,0.404,0.37,0.826,-0.1
203914,Gary Harris,1610612749,MIL,42,13.9,2.5,1.3,1.0,0.5,0.2,0.4,0.446,0.407,0.889,-2.3
1627780,Gary Payton II,1610612744,GSW,56,13.7,6.0,3.3,1.6,0.7,0.3,0.9,0.536,0.306,0.5,-1.7
1629018,Gary Trent Jr.,1610612749,MIL,55,21.1,7.5,1.0,1.3,0.5,0.1,0.5,0.38,0.353,0.791,-5.4
203507,Giannis Antetokounmpo,1610612749,MIL,33,28.9,27.5,9.9,5.5,1.0,0.7,3.2,0.637,0.357,0.652,3.0
1629048,Goga Bitadze,1610612753,ORL,47,15.5,5.9,5.0,1.2,0.6,1.1,0.5,0.697,0.182,0.687,0.5
1641711,Gradey Dick,1610612761,TOR,61,15.3,6.2,2.2,0.7,0.6,0.1,0.6,0.416,0.304,0.87,1.7
1641761,Grant Nelson,1610612751,BKN,4,8.8,4.3,1.5,1.3,0.3,1.3,1.0,0.556,0.0,0.7,-1.8
1629684,Grant Williams,1610612766,CHA,22,19.8,7.7,4.2,1.9,0.4,0.3,0.8,0.441,0.395,0.838,6.5
1628960,Grayson Allen,1610612756,PHX,41,30.1,17.5,3.0,4.2,1.5,0.3,1.7,0.405,0.355,0.869,1.3
1627824,Guerschon Yabusele,1610612741,CHI,54,13.0,4.7,3.1,0.9,0.3,0.2,0.6,0.398,0.35,0.683,-1.2
1630611,Gui Santos,1610612744,GSW,52,17.4,7.2,3.6,1.8,0.8,0.4,1.2,0.513,0.362,0.667,1.1
203084,Harrison Barnes,1610612759,SAS,60,26.9,10.2,2.9,2.1,0.7,0.2,0.9,0.442,0.376,0.845,3.7
1631127,Harrison Ingram,1610612759,SAS,5,3.5,1.8,0.6,0.2,0.0,0.0,0.0,0.8,1.0,0.0,-0.8
1629312,Haywood Highsmith,1610612756,PHX,2,10.6,1.5,2.0,1.0,0.5,0.0,0.0,0.25,0.0,0.5,10.5
1630529,Herbert Jones,1610612740,NOP,43,28.7,8.8,3.5,2.8,1.7,0.5,1.3,0.382,0.287,0.82,-1.6
1642864,Hugo González,1610612738,BOS,59,15.5,4.2,3.5,0.6,0.6,0.3,0.5,0.472,0.34,0.458,4.5
1630621,Hunter Dickinson,1610612740,NOP,1,4.7,2.0,0.0,0.0,0.0,1.0,2.0,0.5,0.0,0.0,-12.0
1642282,Hunter Sallis,1610612755,PHI,7,3.7,1.0,0.1,0.6,0.0,0.1,0.7,0.6,0.0,0.5,-1.9
1641816,Hunter Tyson,1610612743,DEN,21,7.7,2.2,1.7,0.8,0.1,0.0,0.2,0.269,0.212,0.846,-1.1
1630193,Immanuel Quickley,1610612761,TOR,60,32.5,17.3,4.2,6.2,1.2,0.1,1.6,0.449,0.378,0.811,2.0
1642403,Isaac Jones,1610612765,DET,4,4.6,1.3,0.5,0.3,0.0,0.0,0.0,0.5,0.0,0.5,-4.0
1630171,Isaac Okoro,1610612741,CHI,55,26.9,9.0,2.7,1.6,0.7,0.4,0.7,0.449,0.326,0.796,-4.5
1642268,Isaiah Collier,1610612762,UTA,55,25.7,11.4,2.5,7.3,1.1,0.3,2.5,0.505,0.278,0.719,-7.0
1642384,Isaiah Crawford,1610612745,HOU,9,5.8,1.1,0.7,0.3,0.2,0.3,0.2,0.5,0.333,0.0,2.3
1628392,Isaiah Hartenstein,1610612760,OKC,36,25.4,10.2,9.2,3.5,1.0,0.8,1.9,0.637,0.0,0.609,7.3
1630543,Isaiah Jackson,1610612746,LAC,44,16.1,6.3,5.3,0.8,0.7,0.8,1.0,0.597,0.0,0.655,-2.3
1630198,Isaiah Joe,1610612760,OKC,56,21.9,11.0,2.6,1.4,0.8,0.2,0.6,0.44,0.411,0.891,4.3
1630587,Isaiah Livers,1610612756,PHX,32,10.3,2.0,1.9,0.7,0.4,0.3,0.4,0.361,0.308,0.75,0.7
1641815,Isaiah Stevens,1610612758,SAC,3,14.3,3.3,1.0,3.3,1.7,0.0,0.7,0.429,0.0,1.0,-3.0
1630191,Isaiah Stewart,1610612765,DET,52,23.3,10.1,5.1,1.2,0.3,1.7,1.2,0.541,0.342,0.754,0.4
1627826,Ivica Zubac,1610612754,IND,43,30.9,14.4,11.0,2.2,0.4,0.8,1.9,0.613,0.0,0.705,0.0
1631120,JD Davison,1610612745,HOU,25,7.3,2.2,0.9,1.1,0.2,0.2,0.3,0.389,0.286,0.556,-0.2
1629630,Ja Morant,1610612763,MEM,20,28.4,19.5,3.3,8.1,1.0,0.3,3.6,0.41,0.235,0.897,-2.5
1642266,Ja'Kobe Walter,1610612761,TOR,53,19.0,6.5,2.3,1.1,1.0,0.2,0.5,0.419,0.35,0.828,-1.9
1631095,Jabari Smith Jr.,1610612745,HOU,59,34.9,15.3,6.9,1.8,0.8,1.0,1.3,0.452,0.365,0.772,2.7
1631133,Jabari Walker,1610612755,PHI,53,12.5,4.3,3.2,0.5,0.4,0.2,0.4,0.429,0.318,0.746,0.7
1631210,Jacob Toppin,1610612737,ATL,5,3.4,1.6,0.2,0.2,0.0,0.2,0.0,0.667,0.0,0.0,2.6
1630702,Jaden Hardy,1610612764,WAS,43,14.0,8.0,1.5,0.9,0.3,0.1,0.9,0.405,0.366,0.763,-0.6
1631093,Jaden Ivey,1610612741,CHI,37,18.1,8.5,2.5,1.8,0.6,0.4,1.1,0.445,0.373,0.809,0.7
1630183,Jaden McDaniels,1610612750,MIN,62,32.0,14.9,4.4,2.8,1.1,1.0,1.8,0.518,0.431,0.849,3.3
1630256,Jae'Sean Tate,1610612745,HOU,34,8.4,2.7,1.4,0.5,0.3,0.1,0.3,0.513,0.333,0.571,-1.9
1642942,Jahmai Mashack,1610612763,MEM,19,16.3,4.8,1.7,1.0,1.2,0.4,1.0,0.404,0.3,0.5,-0.8
1642443,Jahmir Young,1610612748,MIA,10,4.7,1.7,0.4,0.6,0.1,0.0,0.2,0.35,0.286,1.0,-1.4
1643141,Jahmyl Telfort,1610612746,LAC,8,4.0,0.1,0.4,0.1,0.1,0.0,0.1,0.0,0.0,0.25,-0.9
1631170,Jaime Jaquez Jr.,1610612748,MIA,60,28.7,15.3,5.3,4.6,0.8,0.3,2.2,0.503,0.288,0.762,2.9
1631222,Jake LaRavia,1610612747,LAL,64,25.5,8.9,3.9,1.8,1.2,0.4,1.1,0.463,0.322,0.762,-1.4
1627751,Jakob Poeltl,1610612761,TOR,29,25.4,9.9,7.5,2.1,0.9,0.7,1.4,0.701,0.0,0.645,0.8
1628973,Jalen Brunson,1610612752,NYK,60,34.8,26.2,3.4,6.5,0.7,0.1,2.3,0.464,0.378,0.84,4.8
1631105,Jalen Duren,1610612765,DET,53,27.9,18.5,10.7,1.7,0.9,0.8,1.8,0.627,0.0,0.727,5.8
1630224,Jalen Green,1610612756,PHX,16,22.8,14.8,3.2,2.2,1.2,0.1,2.1,0.369,0.281,0.75,1.1
1630552,Jalen Johnson,1610612737,ATL,57,35.2,22.9,10.5,7.9,1.3,0.5,3.4,0.494,0.344,0.784,1.1
1629618,Jalen Pickett,1610612743,DEN,42,17.2,5.3,2.5,2.5,0.3,0.1,0.7,0.421,0.378,0.923,-0.5
1630188,Jalen Smith,1610612741,CHI,47,20.3,10.1,6.9,1.3,0.5,0.8,1.0,0.485,0.38,0.707,1.5
1630591,Jalen Suggs,1610612753,ORL,40,26.3,13.8,3.8,5.3,1.9,0.8,2.6,0.437,0.335,0.851,4.5
1631114,Jalen Williams,1610612760,OKC,26,29.1,17.5,4.7,5.4,1.3,0.3,1.9,0.479,0.313,0.833,5.4
1630592,Jalen Wilson,1610612751,BKN,41,13.5,5.0,1.5,0.6,0.4,0.0,0.5,0.37,0.367,0.771,-3.4
1631288,Jamal Cain,1610612753,ORL,23,6.7,2.7,0.7,0.3,0.2,0.0,0.3,0.388,0.391,0.833,0.5
1627750,Jamal Murray,1610612743,DEN,59,34.9,25.5,4.3,7.2,0.9,0.4,2.4,0.484,0.431,0.876,4.6
1642347,Jamal Shead,1610612761,TOR,63,22.0,6.8,2.0,5.2,1.0,0.1,1.4,0.368,0.322,0.775,1.7
1631123,Jamaree Bouyea,1610612756,PHX,33,15.5,6.5,1.9,1.8,0.8,0.4,0.6,0.48,0.317,0.71,-0.1
201935,James Harden,1610612739,CLE,54,35.1,24.2,4.9,8.1,1.2,0.4,3.6,0.424,0.361,0.888,0.8
1630164,James Wiseman,1610612754,IND,4,14.6,3.3,2.0,0.8,0.0,0.3,1.3,0.6,0.0,0.5,-2.3
1642364,Jamir Watkins,1610612764,WAS,32,18.7,5.9,3.5,0.9,0.8,0.5,0.5,0.449,0.286,0.657,-2.8
1642419,Jamison Battle,1610612761,TOR,46,8.5,3.0,1.5,0.4,0.1,0.0,0.3,0.51,0.417,0.667,1.9
1641716,Jarace Walker,1610612754,IND,63,24.6,11.0,4.9,2.3,0.8,0.3,1.8,0.408,0.361,0.762,-5.4
1642272,Jared McCain,1610612760,OKC,50,17.3,7.9,2.2,1.5,0.6,0.0,0.9,0.413,0.392,0.889,1.6
1628991,Jaren Jackson Jr.,1610612762,UTA,48,30.3,19.4,5.7,2.0,1.1,1.4,2.2,0.476,0.357,0.803,-1.3
1629020,Jarred Vanderbilt,1610612747,LAL,53,18.0,4.6,4.6,1.2,0.9,0.3,0.9,0.463,0.31,0.638,0.1
1628386,Jarrett Allen,1610612739,CLE,51,27.5,15.3,8.5,1.9,1.0,0.9,1.4,0.636,0.1,0.725,3.5
1642859,Jase Richardson,1610612753,ORL,44,11.5,4.6,1.2,1.2,0.3,0.0,0.5,0.46,0.352,0.73,0.2
1642914,Javon Small,1610612763,MEM,28,17.7,7.6,2.8,3.5,0.7,0.3,1.1,0.423,0.4,0.824,-1.9
1631451,Javonte Cooke,1610612757,POR,19,4.9,1.2,1.0,0.4,0.3,0.0,0.5,0.22,0.13,1.0,-3.1
1629750,Javonte Green,1610612765,DET,63,18.0,6.8,2.8,0.7,1.2,0.3,0.6,0.437,0.351,0.816,1.9
1629637,Jaxson Hayes,1610612747,LAL,54,17.7,7.0,4.0,0.9,0.4,0.6,0.5,0.752,1.0,0.67,1.1
1630643,Jay Huff,1610612754,IND,64,20.5,9.3,3.8,1.3,0.5,1.9,0.8,0.477,0.322,0.838,-4.0
1627759,Jaylen Brown,1610612738,BOS,57,34.3,28.7,7.2,5.1,1.0,0.4,3.6,0.48,0.348,0.78,3.6
1641740,Jaylen Clark,1610612750,MIN,56,13.0,3.7,1.8,0.6,0.7,0.1,0.3,0.42,0.284,0.627,1.2
1642377,Jaylen Wells,1610612763,MEM,61,26.7,12.6,3.3,1.7,0.9,0.1,1.1,0.43,0.352,0.773,-1.8
1631119,Jaylin Williams,1610612760,OKC,50,20.1,7.1,5.4,2.6,0.5,0.7,1.2,0.406,0.35,0.803,4.1
1642281,Jaylon Tyson,1610612739,CLE,59,27.7,13.5,5.3,2.2,0.8,0.4,1.5,0.501,0.456,0.753,1.8
1628369,Jayson Tatum,1610612738,BOS,2,27.1,17.5,7.5,4.5,0.5,0.0,1.5,0.375,0.294,0.857,8.5
201145,Jeff Green,1610612745,HOU,22,5.2,2.6,0.7,0.2,0.0,0.0,0.0,0.467,0.4,1.0,-0.8
203924,Jerami Grant,1610612757,POR,49,29.3,18.6,3.5,2.3,0.7,0.6,2.0,0.445,0.38,0.814,-0.6
1642847,Jeremiah Fears,1610612740,NOP,66,25.4,13.2,3.7,3.3,1.2,0.4,2.3,0.427,0.329,0.797,-3.6
1630526,Jeremiah Robinson-Earl,1610612742,DAL,22,16.4,4.6,4.7,0.7,0.4,0.0,0.5,0.37,0.244,0.944,-3.9
1631110,Jeremy Sochan,1610612752,NYK,37,11.0,3.3,2.3,0.9,0.4,0.2,0.5,0.468,0.237,0.667,-2.3
1630579,Jericho Sims,1610612749,MIL,49,17.6,4.0,5.0,1.1,0.2,0.3,1.0,0.841,0.0,0.586,-3.8
1641724,Jett Howard,1610612753,ORL,42,12.0,5.2,1.5,0.9,0.2,0.2,0.2,0.402,0.336,0.941,0.2
1628975,Jevon Carter,1610612753,ORL,34,14.5,5.8,1.5,1.5,0.6,0.2,0.6,0.378,0.376,0.8,-0.5
202710,Jimmy Butler III,1610612744,GSW,38,31.1,20.0,5.6,4.9,1.4,0.2,1.6,0.519,0.376,0.864,4.9
1642866,Joan Beringer,1610612750,MIN,30,6.8,3.0,1.9,0.2,0.1,0.4,0.3,0.667,0.0,0.647,1.0
1629111,Jock Landale,1610612737,ATL,57,22.7,11.1,6.0,1.6,0.5,0.5,0.9,0.517,0.395,0.664,-1.7
204060,Joe Ingles,1610612750,MIN,20,4.0,0.5,0.4,0.8,0.4,0.0,0.4,0.375,0.333,1.0,-0.8
203954,Joel Embiid,1610612755,PHI,33,31.2,26.6,7.5,3.9,0.6,1.1,3.0,0.495,0.318,0.858,3.8
1628381,John Collins,1610612746,LAC,54,27.7,13.8,5.2,1.0,0.8,0.8,1.4,0.56,0.423,0.786,0.3
1629723,John Konchar,1610612762,UTA,42,17.0,3.1,3.2,1.5,1.3,0.6,0.5,0.443,0.254,0.6,-0.5
1642967,John Poulakidas,1610612742,DAL,1,14.5,0.0,5.0,2.0,0.0,0.0,1.0,0.0,0.0,0.0,-7.0
1642910,John Tonje,1610612738,BOS,3,3.7,0.7,0.7,0.3,0.0,0.0,0.0,0.0,0.0,1.0,-2.0
1641780,Johni Broome,1610612755,PHI,11,5.0,0.9,1.5,0.4,0.3,0.2,0.3,0.167,0.0,0.333,-1.6
1642277,Johnny Furphy,1610612754,IND,35,18.4,5.1,4.4,1.2,0.6,0.2,0.8,0.47,0.324,0.486,-1.7
1630548,Johnny Juzang,1610612750,MIN,21,4.2,2.0,0.8,0.3,0.1,0.0,0.2,0.421,0.25,0.625,-0.2
202685,Jonas Valančiūnas,1610612743,DEN,52,13.9,8.6,5.0,1.2,0.3,0.6,1.2,0.574,0.316,0.789,-1.5
1628371,Jonathan Isaac,1610612753,ORL,51,10.2,2.6,2.6,0.4,0.4,0.6,0.4,0.426,0.184,0.603,-0.6
1630228,Jonathan Kuminga,1610612737,ATL,23,24.2,13.3,6.1,2.6,0.6,0.3,2.3,0.484,0.355,0.75,1.3
1642367,Jonathan Mogbo,1610612761,TOR,25,6.0,1.2,1.5,0.5,0.2,0.2,0.3,0.5,0.0,0.4,-0.7
203903,Jordan Clarkson,1610612752,NYK,55,18.0,8.7,1.7,1.2,0.4,0.1,1.0,0.433,0.328,0.789,0.5
1630692,Jordan Goodwin,1610612756,PHX,54,22.3,8.9,4.7,2.2,1.5,0.2,1.0,0.408,0.356,0.721,1.5
1641722,Jordan Hawkins,1610612740,NOP,41,12.5,3.9,1.5,0.7,0.2,0.2,0.6,0.317,0.294,0.778,-2.3
1629162,Jordan McLaughlin,1610612759,SAS,32,6.1,2.0,0.7,0.8,0.4,0.0,0.4,0.393,0.375,0.8,-2.3
1641757,Jordan Miller,1610612746,LAC,42,21.0,9.4,3.0,2.0,0.7,0.2,1.1,0.528,0.355,0.802,0.2
1629673,Jordan Poole,1610612740,NOP,33,24.5,13.9,2.1,3.1,0.6,0.4,1.8,0.374,0.34,0.88,-3.2
1641775,Jordan Walsh,1610612738,BOS,56,17.6,5.3,4.2,0.8,0.7,0.4,0.6,0.521,0.4,0.761,1.5
1630631,Jose Alvarado,1610612752,NYK,54,20.8,7.6,2.6,3.2,1.0,0.1,1.1,0.412,0.346,0.778,0.1
1630581,Josh Giddey,1610612741,CHI,42,31.3,17.6,8.3,8.5,1.0,0.4,3.6,0.457,0.373,0.763,-2.1
1630182,Josh Green,1610612766,CHA,41,16.7,5.0,2.0,1.0,0.6,0.1,0.6,0.483,0.438,0.885,3.8
1628404,Josh Hart,1610612752,NYK,53,29.9,11.8,7.5,5.1,1.1,0.3,1.9,0.492,0.378,0.703,3.6
1631169,Josh Minott,1610612751,BKN,38,15.3,5.4,3.3,0.9,0.7,0.3,0.6,0.5,0.419,0.741,0.4
1629006,Josh Okogie,1610612745,HOU,60,18.9,5.1,2.7,0.8,0.9,0.2,0.6,0.433,0.399,0.596,1.3
201950,Jrue Holiday,1610612757,POR,36,28.4,16.5,4.5,6.3,1.2,0.1,2.8,0.467,0.383,0.821,1.1
1630577,Julian Champagnie,1610612759,SAS,64,27.8,11.4,5.8,1.5,0.8,0.4,0.9,0.438,0.39,0.833,7.1
1641763,Julian Phillips,1610612750,MIN,40,8.8,2.8,1.1,0.2,0.5,0.2,0.2,0.421,0.314,0.882,-0.6
1642882,Julian Reese,1610612764,WAS,4,31.1,8.5,10.3,2.0,1.3,0.5,2.3,0.55,0.0,0.75,-8.3
1631124,Julian Strawther,1610612743,DEN,41,15.8,7.2,2.1,1.1,0.5,0.1,0.7,0.459,0.33,0.8,0.8
203944,Julius Randle,1610612750,MIN,64,33.3,21.4,7.0,5.3,1.1,0.3,2.6,0.482,0.311,0.816,3.5
1630551,Justin Champagnie,1610612764,WAS,56,19.3,8.1,5.6,1.1,0.8,0.7,0.6,0.507,0.331,0.765,-4.9
1642348,Justin Edwards,1610612755,PHI,46,14.1,4.7,1.4,1.1,0.7,0.2,0.5,0.405,0.35,0.913,-3.2
203994,Jusuf Nurkić,1610612762,UTA,41,26.4,10.9,10.4,4.8,1.3,0.5,2.5,0.503,0.352,0.549,-4.6
1642354,KJ Simpson,1610612743,DEN,17,14.5,5.2,2.0,2.5,0.9,0.0,1.4,0.344,0.308,0.611,-0.2
1642955,Kadary Richmond,1610612764,WAS,3,22.3,8.3,3.3,2.7,2.7,0.3,0.7,0.625,0.5,1.0,1.7
1642880,Kam Jones,1610612754,IND,25,15.3,4.0,1.4,2.4,0.4,0.0,0.7,0.434,0.268,0.5,-3.3
1626157,Karl-Anthony Towns,1610612752,NYK,61,31.2,19.8,11.9,2.8,0.9,0.6,2.5,0.485,0.362,0.856,5.8
1631255,Karlo Matković,1610612740,NOP,52,13.9,5.4,3.5,0.9,0.4,0.9,0.6,0.62,0.449,0.75,-1.5
1642857,Kasparas Jakučionis,1610612748,MIA,38,17.1,5.8,2.6,2.4,0.7,0.1,1.1,0.417,0.439,0.897,0.6
202695,Kawhi Leonard,1610612746,LAC,49,32.4,27.9,6.4,3.7,2.0,0.5,2.1,0.497,0.372,0.904,3.8
1630811,Keaton Wallace,1610612737,ATL,45,10.5,3.6,1.1,1.8,0.5,0.1,0.5,0.407,0.395,0.643,-1.5
1631099,Keegan Murray,1610612758,SAC,23,34.5,14.0,5.7,1.7,1.0,1.6,1.2,0.42,0.277,0.776,-7.1
1642276,Kel'el Ware,1610612748,MIA,61,22.6,11.4,9.3,0.5,0.9,1.1,0.9,0.535,0.39,0.765,-0.3
1629640,Keldon Johnson,1610612759,SAS,64,23.3,13.0,5.5,1.3,0.6,0.1,0.9,0.537,0.38,0.789,2.6
203482,Kelly Olynyk,1610612759,SAS,36,8.9,3.3,1.8,1.1,0.4,0.1,0.6,0.494,0.262,0.667,-0.6
1626162,Kelly Oubre Jr.,1610612755,PHI,39,32.8,14.5,4.7,1.8,1.3,0.5,1.4,0.47,0.378,0.752,-0.5
1629026,Kenrich Williams,1610612760,OKC,44,15.8,6.7,3.3,1.4,0.5,0.1,0.8,0.493,0.413,0.659,1.7
203484,Kentavious Caldwell-Pope,1610612763,MEM,51,21.3,8.4,2.5,2.7,0.8,0.2,1.2,0.41,0.316,0.913,-2.2
1631165,Keon Ellis,1610612739,CLE,55,18.8,5.6,1.6,0.9,1.2,0.7,0.5,0.415,0.354,0.649,-3.4
1642352,Keshad Johnson,1610612748,MIA,23,7.1,3.2,1.9,0.1,0.2,0.2,0.4,0.413,0.32,0.765,1.4
1642933,Keshon Gilbert,1610612737,ATL,3,16.1,2.0,1.7,1.0,0.7,1.3,2.0,0.25,0.0,1.0,-15.7
201142,Kevin Durant,1610612745,HOU,60,36.7,26.1,5.5,4.5,0.8,0.9,3.2,0.51,0.402,0.889,4.8
1628989,Kevin Huerter,1610612765,DET,52,22.0,9.9,3.6,2.4,0.8,0.6,1.0,0.451,0.3,0.746,0.3
201567,Kevin Love,1610612762,UTA,34,16.9,6.6,5.8,1.9,0.4,0.3,0.8,0.395,0.359,0.821,-2.8
1641755,Kevin McCullar Jr.,1610612752,NYK,18,7.0,1.9,1.3,1.1,0.3,0.0,0.6,0.382,0.353,0.4,-2.6
1629645,Kevin Porter Jr.,1610612749,MIL,35,33.4,17.5,5.2,7.4,2.2,0.5,2.9,0.462,0.331,0.868,-1.9
1626172,Kevon Looney,1610612740,NOP,18,13.9,2.9,5.3,1.4,0.3,0.5,0.4,0.442,0.111,0.625,-3.3
1641718,Keyonte George,1610612762,UTA,52,33.5,24.0,3.8,6.3,1.1,0.3,3.2,0.456,0.373,0.891,-6.7
1642863,Khaman Maluach,1610612756,PHX,29,6.5,2.0,2.0,0.1,0.1,0.6,0.7,0.5,0.2,0.692,-0.1
203114,Khris Middleton,1610612742,DAL,46,24.4,10.7,4.0,3.2,0.7,0.2,1.7,0.429,0.318,0.853,-5.3
1630165,Killian Hayes,1610612758,SAC,7,13.1,2.4,1.6,3.3,0.3,0.0,0.1,0.176,0.167,1.0,1.4
202691,Klay Thompson,1610612742,DAL,57,21.9,11.7,2.3,1.4,0.5,0.3,1.0,0.391,0.382,0.75,-1.6
1641738,Kobe Brown,1610612754,IND,45,12.3,4.2,2.4,0.9,0.3,0.2,0.6,0.429,0.329,0.8,-3.4
1641723,Kobe Bufkin,1610612747,LAL,10,8.8,3.1,0.9,0.5,0.2,0.3,0.4,0.278,0.158,1.0,-3.2
1642920,Kobe Sanders,1610612746,LAC,53,20.9,7.0,2.4,1.6,0.6,0.1,1.3,0.453,0.4,0.811,-0.2
1642886,Koby Brea,1610612756,PHX,5,4.6,3.2,0.4,0.6,0.0,0.0,0.0,0.556,0.571,1.0,-0.6
1642851,Kon Knueppel,1610612766,CHA,64,31.9,19.2,5.3,3.4,0.7,0.3,2.1,0.489,0.437,0.87,3.3
1627739,Kris Dunn,1610612746,LAC,63,27.6,7.8,3.3,3.7,1.5,0.1,1.4,0.491,0.375,0.781,-0.2
1631200,Kris Murray,1610612757,POR,41,24.2,6.0,3.8,1.1,1.0,0.4,0.8,0.455,0.256,0.711,-2.1
204001,Kristaps Porziņģis,1610612744,GSW,19,23.9,16.4,4.9,2.7,0.5,1.3,1.0,0.454,0.351,0.816,2.7
203937,Kyle Anderson,1610612750,MIN,26,20.0,7.1,3.2,2.6,1.1,0.5,0.9,0.561,0.667,0.688,-3.5
1642271,Kyle Filipowski,1610612762,UTA,63,22.7,10.3,6.9,2.2,0.9,0.5,1.6,0.493,0.335,0.741,-3.3
1628398,Kyle Kuzma,1610612749,MIL,58,26.5,13.1,4.7,2.6,0.6,0.4,1.6,0.489,0.353,0.723,-3.4
200768,Kyle Lowry,1610612755,PHI,8,9.0,1.8,0.8,1.1,0.3,0.1,0.3,0.25,0.25,0.833,1.1
1642273,Kyshawn George,1610612764,WAS,48,29.0,14.8,5.1,4.5,1.0,0.9,2.6,0.438,0.381,0.802,-7.4
1643018,LJ Cryer,1610612744,GSW,5,9.0,4.8,1.2,0.2,0.0,0.0,0.2,0.444,0.5,0.0,2.2
1630163,LaMelo Ball,1610612766,CHA,55,27.7,19.3,4.8,7.3,1.1,0.2,2.8,0.398,0.363,0.901,5.5
1642950,Lachlan Olbrich,1610612741,CHI,22,6.7,1.3,2.1,0.7,0.2,0.0,0.2,0.393,0.25,0.4,-0.5
1629013,Landry Shamet,1610612752,NYK,40,22.6,10.1,1.8,1.5,0.6,0.2,0.6,0.46,0.411,0.727,3.0
1626204,Larry Nance Jr.,1610612739,CLE,27,12.7,3.3,2.6,1.0,0.6,0.1,0.4,0.368,0.32,0.6,-0.2
1628374,Lauri Markkanen,1610612762,UTA,42,34.3,26.7,6.9,2.1,1.0,0.5,1.5,0.477,0.355,0.896,-1.3
1643133,Lawson Lovering,1610612763,MEM,2,24.6,7.0,7.5,1.5,1.5,0.5,1.0,0.6,0.0,0.4,0.5
2544,LeBron James,1610612747,LAL,44,33.1,21.4,5.6,7.0,1.1,0.6,3.0,0.504,0.313,0.745,-0.2
1641778,Leaky Black,1610612764,WAS,4,32.9,9.5,5.8,1.0,0.3,1.0,0.8,0.412,0.333,1.0,-10.3
1631159,Leonard Miller,1610612741,CHI,28,7.4,3.4,1.8,0.4,0.2,0.2,0.5,0.576,0.25,0.765,1.5
1642862,Liam McNeeley,1610612766,CHA,28,12.2,4.1,2.1,0.8,0.2,0.1,0.4,0.386,0.379,0.806,0.7
1630322,Lindy Waters III,1610612759,SAS,34,6.5,2.1,0.6,0.4,0.1,0.0,0.1,0.379,0.345,1.0,-0.2
1628366,Lonzo Ball,1610612739,CLE,35,20.8,4.6,4.0,3.9,1.3,0.3,1.5,0.301,0.272,0.667,0.9
1629652,Luguentz Dort,1610612760,OKC,54,28.1,8.7,3.9,1.3,0.9,0.4,0.8,0.387,0.339,0.771,5.2
1629029,Luka Dončić,1610612747,LAL,52,35.5,32.5,7.8,8.4,1.5,0.5,4.0,0.474,0.36,0.773,2.0
1630568,Luka Garza,1610612738,BOS,54,15.5,7.3,3.9,0.9,0.4,0.4,0.6,0.57,0.437,0.761,1.0
1628379,Luke Kennard,1610612747,LAL,60,21.0,8.5,2.3,2.0,0.7,0.1,0.8,0.554,0.5,0.917,0.8
1628436,Luke Kornet,1610612759,SAS,54,21.4,6.8,6.3,1.9,0.4,1.1,0.5,0.653,0.0,0.815,1.4
1631247,Luke Travers,1610612739,CLE,12,8.6,2.3,2.0,0.8,0.6,0.3,0.3,0.25,0.063,1.0,-2.7
1630644,Mac McClung,1610612741,CHI,4,11.8,5.8,1.3,0.5,1.3,0.5,0.8,0.36,0.167,0.75,-5.0
1631103,Malaki Branham,1610612764,WAS,28,9.8,4.6,1.6,0.8,0.4,0.1,0.5,0.473,0.378,0.824,-1.5
1642502,Malevy Leons,1610612744,GSW,10,7.2,2.4,2.1,0.5,0.5,0.3,0.3,0.5,0.333,0.667,-1.8
1628370,Malik Monk,1610612758,SAC,52,22.2,12.7,2.0,2.7,0.6,0.4,1.4,0.437,0.399,0.878,-3.3
1630699,MarJon Beauchamp,1610612755,PHI,2,18.1,9.0,3.5,2.5,1.5,0.5,1.5,0.429,0.429,0.75,-7.5
1631204,Marcus Sasser,1610612765,DET,22,10.7,4.8,1.0,1.9,0.8,0.1,0.8,0.419,0.396,0.923,0.7
203935,Marcus Smart,1610612747,LAL,54,28.3,9.4,2.9,2.9,1.3,0.4,1.5,0.398,0.337,0.805,3.3
1641813,Mark Sears,1610612749,MIL,7,3.7,3.1,0.3,0.3,0.0,0.0,0.6,0.462,0.5,0.75,1.7
1631109,Mark Williams,1610612756,PHX,56,23.6,11.6,8.1,1.0,0.9,0.9,1.1,0.633,1.0,0.767,-0.5
1628963,Marvin Bagley III,1610612742,DAL,46,19.9,10.5,6.2,1.4,0.5,0.7,1.1,0.618,0.417,0.677,-3.5
203486,Mason Plumlee,1610612759,SAS,14,8.9,1.9,2.9,1.1,0.4,0.0,0.6,0.75,0.0,0.667,0.6
1641824,Matas Buzelis,1610612741,CHI,63,28.5,15.4,5.5,2.1,0.7,1.5,2.0,0.469,0.366,0.78,-2.8
1629680,Matisse Thybulle,1610612757,POR,13,11.5,4.6,1.6,0.8,1.8,0.5,0.6,0.463,0.462,1.0,-0.6
1631108,Max Christie,1610612742,DAL,59,29.7,12.8,3.5,2.2,0.5,0.3,1.2,0.45,0.407,0.879,-4.4
1642917,Max Shulga,1610612738,BOS,2,1.8,0.0,0.0,0.0,0.0,0.0,0.0,0.0,0.0,0.0,0.0
1628467,Maxi Kleber,1610612747,LAL,35,11.0,2.2,1.9,0.6,0.4,0.3,0.4,0.467,0.273,0.636,1.5
1642875,Maxime Raynaud,1610612758,SAC,57,24.8,10.9,7.2,1.2,0.5,0.5,1.1,0.563,0.239,0.786,-5.8
1642877,Micah Peavy,1610612740,NOP,50,14.1,4.1,1.9,0.9,0.6,0.1,0.3,0.378,0.233,0.765,-2.0
1630695,Micah Potter,1610612754,IND,31,19.6,9.4,4.6,1.5,0.5,0.4,0.9,0.495,0.417,0.877,-2.3
1629008,Michael Porter Jr.,1610612751,BKN,51,32.7,24.3,7.2,3.1,1.1,0.3,2.3,0.463,0.365,0.857,-3.4
1628969,Mikal Bridges,1610612752,NYK,65,33.8,15.3,4.1,4.0,1.4,0.8,1.1,0.495,0.381,0.827,4.2
201144,Mike Conley,1610612750,MIN,46,18.1,4.2,1.7,2.8,0.6,0.3,0.6,0.316,0.313,0.891,0.2
1628970,Miles Bridges,1610612766,CHA,60,31.7,17.5,5.9,3.4,0.6,0.5,1.5,0.444,0.325,0.832,0.8
1642939,Miles Kelly,1610612742,DAL,14,9.6,3.1,1.7,0.9,0.3,0.1,0.4,0.364,0.303,1.0,-0.9
1630540,Miles McBride,1610612752,NYK,35,28.0,12.9,2.6,2.8,0.9,0.2,0.8,0.434,0.42,0.814,6.3
1629011,Mitchell Robinson,1610612752,NYK,47,19.2,5.1,8.5,0.9,0.8,1.1,0.6,0.707,0.0,0.395,2.1
1628964,Mo Bamba,1610612762,UTA,4,11.0,2.5,5.5,0.3,0.0,0.8,0.5,0.455,0.0,0.0,-3.3
1642885,Mohamed Diawara,1610612752,NYK,54,8.1,3.3,1.3,0.6,0.3,0.1,0.4,0.449,0.4,0.75,0.9
1628420,Monte Morris,1610612754,IND,6,10.8,3.0,1.2,1.5,0.2,0.2,0.3,0.35,0.25,0.5,-4.8
1629021,Moritz Wagner,1610612753,ORL,23,13.1,8.3,3.4,0.9,0.6,0.0,0.6,0.453,0.346,0.847,-0.7
1630541,Moses Moody,1610612744,GSW,59,25.5,11.9,3.3,1.6,0.9,0.5,0.9,0.441,0.402,0.771,1.2
1631243,Mouhamed Gueye,1610612737,ATL,61,15.7,4.6,3.7,0.9,0.8,0.5,0.5,0.45,0.291,0.618,0.1
1630619,Moussa Cisse,1610612742,DAL,34,12.5,3.7,4.9,0.2,0.4,1.1,0.7,0.59,0.0,0.439,0.0
1631217,Moussa Diabaté,1610612766,CHA,57,25.6,8.3,8.7,1.8,0.7,1.0,0.9,0.638,0.5,0.671,4.5
1626167,Myles Turner,1610612749,MIL,59,27.5,12.2,5.4,1.5,0.7,1.6,1.2,0.439,0.383,0.738,-2.3
1642066,Myron Gardner,1610612748,MIA,33,9.3,3.9,2.9,1.0,0.4,0.2,0.2,0.479,0.42,0.739,2.4
1642368,N'Faly Dante,1610612737,ATL,4,3.9,0.8,1.8,0.0,0.5,0.0,0.3,0.25,0.0,1.0,2.5
1641772,Nae'Qwan Tomlin,1610612739,CLE,50,16.1,6.0,2.9,0.8,0.7,0.6,0.4,0.463,0.215,0.755,0.7
1630230,Naji Marshall,1610612742,DAL,61,29.5,15.0,4.8,3.1,1.0,0.1,1.5,0.526,0.296,0.764,-2.1
1631466,Nate Williams,1610612744,GSW,4,15.7,7.8,1.5,1.3,0.3,0.0,0.8,0.435,0.5,0.875,-5.8
1629675,Naz Reid,1610612750,MIN,63,26.1,13.8,6.4,2.4,1.0,1.0,1.6,0.467,0.377,0.701,2.8
1629674,Neemias Queta,1610612738,BOS,60,25.0,10.0,8.4,1.5,0.9,1.3,1.1,0.639,0.0,0.683,5.8
1629651,Nic Claxton,1610612751,BKN,57,29.1,12.3,7.1,3.9,0.8,1.2,1.4,0.577,0.188,0.605,-6.9
1630208,Nick Richards,1610612741,CHI,40,13.1,5.1,4.7,0.3,0.3,0.7,1.3,0.51,0.222,0.654,-2.8
1641733,Nick Smith Jr.,1610612747,LAL,25,12.7,5.8,0.8,1.1,0.4,0.1,0.8,0.421,0.391,0.636,-0.7
1629638,Nickeil Alexander-Walker,1610612737,ATL,61,33.1,19.9,3.5,3.8,1.2,0.5,2.1,0.437,0.377,0.892,0.5
201587,Nicolas Batum,1610612746,LAC,60,18.6,4.1,2.6,0.9,0.7,0.3,0.6,0.398,0.396,0.818,-0.5
1628502,Nigel Hayes-Davis,1610612756,PHX,27,7.2,1.3,1.2,0.3,0.3,0.1,0.3,0.326,0.125,0.5,-2.7
203999,Nikola Jokić,1610612743,DEN,48,34.6,28.8,12.5,10.3,1.4,0.8,3.8,0.574,0.391,0.832,8.2
1631107,Nikola Jović,1610612748,MIA,45,17.6,7.5,3.4,2.2,0.6,0.4,1.4,0.37,0.272,0.683,0.3
1642260,Nikola Topić,1610612760,OKC,5,10.5,3.2,1.6,2.0,0.0,0.0,2.2,0.438,0.4,0.0,-0.2
202696,Nikola Vučević,1610612738,BOS,60,29.0,15.6,8.6,3.4,0.6,0.7,1.3,0.496,0.373,0.835,-0.8
1642363,Nique Clifford,1610612758,SAC,61,22.9,7.3,3.5,1.9,0.9,0.3,1.3,0.406,0.318,0.727,-2.9
1642855,Noa Essengue,1610612741,CHI,2,3.0,0.0,0.0,0.0,0.5,0.0,0.0,0.0,0.0,0.0,-7.5
1641730,Noah Clowney,1610612751,BKN,57,28.3,12.9,4.2,1.7,0.8,0.7,1.6,0.4,0.335,0.804,-4.0
1642869,Noah Penda,1610612753,ORL,44,13.8,4.6,3.7,1.2,0.5,0.4,0.8,0.421,0.356,0.674,-0.3
1642849,Nolan Traore,1610612751,BKN,41,22.3,8.2,1.6,3.7,0.7,0.3,2.1,0.394,0.322,0.787,-4.8
1641807,Norchad Omier,1610612746,LAC,2,4.1,1.0,2.0,0.0,0.0,0.0,0.0,0.5,0.0,0.0,-5.0
1626181,Norman Powell,1610612748,MIA,49,30.0,22.5,3.6,2.6,1.2,0.2,2.0,0.473,0.39,0.827,2.5
1628384,OG Anunoby,1610612752,NYK,51,33.1,16.4,5.3,2.2,1.7,0.7,1.9,0.477,0.367,0.802,5.5
1630167,Obi Toppin,1610612754,IND,7,17.5,7.3,4.7,1.9,0.9,0.0,1.0,0.375,0.13,0.923,-3.7
1630534,Ochai Agbaji,1610612751,BKN,52,15.3,4.5,2.2,0.8,0.4,0.3,0.5,0.43,0.253,0.839,-1.3
1641765,Olivier-Maxence Prosper,1610612763,MEM,38,16.4,7.9,3.2,1.0,0.5,0.2,0.8,0.538,0.407,0.815,-3.3
1630168,Onyeka Okongwu,1610612737,ATL,58,31.4,16.1,7.8,3.3,1.2,1.0,1.9,0.487,0.388,0.769,-1.0
1631115,Orlando Robinson,1610612753,ORL,4,6.2,1.8,1.0,0.8,0.3,0.0,0.0,0.6,0.5,0.0,-2.8
1631131,Oscar Tshiebwe,1610612762,UTA,9,10.9,3.6,4.0,0.8,0.1,0.1,0.2,0.696,0.0,0.0,1.4
1642345,Oso Ighodaro,1610612756,PHX,64,20.9,6.0,4.8,2.0,1.0,0.6,1.3,0.64,0.0,0.488,2.2
1631172,Ousmane Dieng,1610612749,MIL,40,14.5,5.3,2.3,1.5,0.3,0.3,0.6,0.414,0.374,0.813,-0.4
1629023,P.J. Washington,1610612742,DAL,46,30.9,14.0,6.9,1.9,1.0,1.2,1.9,0.443,0.317,0.677,-5.4
1641790,PJ Hall,1610612766,CHA,19,11.2,4.5,3.9,0.5,0.2,0.5,0.8,0.508,0.6,0.793,-1.5
1642359,Pacôme Dadiet,1610612752,NYK,21,3.7,1.1,0.8,0.4,0.1,0.0,0.0,0.389,0.364,1.0,0.5
1631094,Paolo Banchero,1610612753,ORL,53,34.8,22.2,8.6,5.0,0.7,0.6,2.9,0.465,0.31,0.772,0.2
1627783,Pascal Siakam,1610612754,IND,55,33.2,23.7,6.6,3.8,1.1,0.4,2.2,0.486,0.366,0.679,-3.5
1626192,Pat Connaughton,1610612766,CHA,30,7.8,3.1,1.6,0.6,0.2,0.0,0.3,0.465,0.386,0.688,-0.7
1630311,Pat Spencer,1610612744,GSW,47,17.0,6.4,2.2,3.4,0.7,0.1,1.2,0.428,0.374,0.78,-0.9
1631116,Patrick Baldwin Jr.,1610612758,SAC,7,8.3,2.7,1.9,0.3,0.3,0.4,0.4,0.375,0.333,0.667,-1.7
1630172,Patrick Williams,1610612741,CHI,56,19.5,7.0,2.9,1.4,0.6,0.3,1.0,0.389,0.38,0.7,-4.8
202331,Paul George,1610612755,PHI,27,30.5,16.0,5.1,3.7,1.5,0.5,1.6,0.424,0.382,0.855,3.6
1630194,Paul Reed,1610612765,DET,46,13.3,6.9,4.5,1.1,0.9,0.8,0.9,0.597,0.367,0.641,2.6
1630202,Payton Pritchard,1610612738,BOS,63,32.5,16.9,4.1,5.4,0.8,0.1,1.3,0.461,0.362,0.868,4.9
1641796,Pelle Larsson,1610612748,MIA,54,25.1,10.4,3.4,3.4,0.6,0.2,1.2,0.487,0.324,0.779,1.4
1631250,Pete Nance,1610612749,MIL,31,11.2,4.7,2.0,0.6,0.3,0.2,0.5,0.569,0.475,0.0,1.1
1631212,Peyton Watson,1610612743,DEN,49,30.7,14.9,4.9,2.0,1.0,1.2,1.8,0.496,0.417,0.727,3.6
1630173,Precious Achiuwa,1610612758,SAC,57,22.3,8.7,6.1,1.3,0.9,0.6,0.7,0.525,0.324,0.552,-3.8
1629656,Quentin Grimes,1610612755,PHI,57,29.6,12.7,3.6,3.4,0.9,0.4,1.9,0.449,0.344,0.835,-0.1
1631245,Quenton Jackson,1610612754,IND,34,17.1,8.8,2.2,2.2,0.6,0.2,1.1,0.476,0.381,0.812,-1.2
1642366,Quinten Post,1610612744,GSW,61,17.2,7.5,4.1,1.4,0.4,0.5,0.8,0.435,0.337,0.795,1.4
1629628,RJ Barrett,1610612761,TOR,39,29.9,18.6,5.4,3.4,0.8,0.3,1.7,0.487,0.356,0.699,2.1
1642853,Rasheer Fleming,1610612756,PHX,38,9.1,3.4,1.8,0.2,0.2,0.2,0.3,0.407,0.342,0.533,0.2
1642484,RayJ Dennis,1610612737,ATL,15,11.8,4.3,1.5,2.0,0.3,0.3,1.0,0.301,0.308,0.889,-2.5
1641712,Rayan Rupert,1610612763,MEM,54,13.8,3.6,2.2,0.7,0.7,0.1,0.6,0.379,0.319,0.654,-2.6
1642263,Reed Sheppard,1610612745,HOU,63,25.8,13.6,2.7,3.3,1.4,0.7,1.5,0.433,0.396,0.8,3.6
1642434,Riley Minix,1610612739,CLE,3,2.8,3.0,0.7,0.3,0.3,0.0,0.0,0.667,0.333,0.0,4.3
1642265,Rob Dillingham,1610612741,CHI,47,11.8,4.2,1.6,2.0,0.7,0.1,1.2,0.347,0.288,0.765,-2.4
1629057,Robert Williams III,1610612757,POR,45,16.5,6.8,6.6,1.0,0.7,1.5,0.8,0.739,0.368,0.643,0.0
1642911,Rocco Zikarsky,1610612750,MIN,2,4.2,1.0,0.5,0.0,0.0,0.5,0.0,1.0,0.0,0.0,-4.5
1631199,Ron Harper Jr.,1610612738,BOS,18,10.7,3.1,1.7,0.7,0.2,0.4,0.2,0.333,0.286,0.5,0.9
1641842,Ronald Holland II,1610612765,DET,59,20.3,8.3,4.4,1.3,1.3,0.3,1.3,0.428,0.229,0.805,2.4
1626220,Royce O'Neale,1610612756,PHX,64,29.2,9.8,4.9,2.8,1.1,0.4,1.4,0.411,0.395,0.7,-1.8
203497,Rudy Gobert,1610612750,MIN,61,31.5,11.0,11.4,1.7,0.8,1.6,1.3,0.708,0.0,0.5,4.5
1629060,Rui Hachimura,1610612747,LAL,52,29.2,11.6,3.4,0.9,0.6,0.3,0.7,0.501,0.442,0.759,0.7
201566,Russell Westbrook,1610612758,SAC,60,29.0,15.5,5.4,6.5,1.3,0.2,3.3,0.43,0.341,0.713,-6.9
1642346,Ryan Dunn,1610612756,PHX,57,19.7,5.8,4.2,1.4,0.8,0.4,0.8,0.433,0.324,0.5,0.1
1641750,Ryan Kalkbrenner,1610612766,CHA,53,22.3,7.9,5.9,0.8,0.5,1.5,0.9,0.743,0.0,0.68,-0.4
1642948,Ryan Nembhard,1610612742,DAL,43,18.2,6.5,1.8,4.7,0.3,0.0,1.4,0.425,0.375,0.789,-1.1
1631157,Ryan Rollins,1610612749,MIL,61,32.1,16.7,4.7,5.5,1.5,0.4,2.6,0.462,0.407,0.765,-2.1
1630180,Saddiq Bey,1610612740,NOP,59,30.9,17.5,5.8,2.5,0.9,0.1,0.9,0.455,0.349,0.839,-2.7
1630573,Sam Hauser,1610612738,BOS,61,24.5,9.3,3.9,1.5,0.5,0.3,0.5,0.412,0.392,0.929,4.3
1630241,Sam Merrill,1610612739,CLE,40,25.9,12.9,2.3,2.2,0.6,0.1,0.9,0.471,0.454,0.854,4.6
1630572,Sandro Mamukelashvili,1610612761,TOR,61,22.0,10.9,4.9,1.9,0.7,0.6,0.8,0.518,0.376,0.759,1.5
1630583,Santi Aldama,1610612763,MEM,43,27.9,14.0,6.7,2.9,0.9,0.7,1.3,0.479,0.35,0.667,-1.1
1630703,Scoot Henderson,1610612757,POR,13,22.1,11.5,2.6,4.1,0.3,0.3,2.7,0.366,0.239,0.841,-1.4
1630567,Scottie Barnes,1610612761,TOR,61,34.2,18.9,7.9,5.4,1.4,1.6,2.7,0.502,0.302,0.831,3.2
1630590,Scotty Pippen Jr.,1610612763,MEM,10,21.2,11.4,2.2,4.7,1.9,0.4,2.7,0.448,0.313,0.783,-5.0
203552,Seth Curry,1610612744,GSW,2,16.0,7.0,2.0,1.5,1.0,0.0,0.0,0.667,0.5,0.0,3.0
1631101,Shaedon Sharpe,1610612757,POR,48,30.0,21.4,4.4,2.6,1.4,0.1,3.0,0.456,0.34,0.784,-1.2
1628983,Shai Gilgeous-Alexander,1610612760,OKC,53,33.4,31.6,4.4,6.4,1.4,0.8,2.2,0.549,0.381,0.895,11.1
1630536,Sharife Cooper,1610612764,WAS,22,15.6,7.3,2.1,2.5,0.3,0.1,1.4,0.504,0.368,0.774,-3.3
1631321,Sidy Cissoko,1610612757,POR,59,21.1,5.8,2.4,1.5,0.8,0.4,1.0,0.399,0.313,0.679,-1.5
1631323,Simone Fontecchio,1610612748,MIA,58,16.8,8.3,3.1,1.5,0.5,0.2,0.7,0.389,0.356,0.839,1.9
1642883,Sion James,1610612766,CHA,65,23.2,5.4,3.4,1.9,0.6,0.3,0.8,0.375,0.362,0.847,-0.2
1627746,Skal Labissiere,1610612764,WAS,3,12.5,4.3,3.0,1.0,0.7,0.3,0.3,0.6,0.2,0.0,0.7
1642461,Spencer Jones,1610612743,DEN,52,22.8,5.7,3.2,0.8,0.8,0.4,0.5,0.5,0.405,0.617,0.0
1630649,Stanley Umude,1610612759,SAS,2,3.3,1.0,0.0,0.5,0.5,0.0,0.0,0.5,0.0,0.0,-8.5
201939,Stephen Curry,1610612744,GSW,39,31.3,27.2,3.5,4.8,1.1,0.4,2.8,0.468,0.391,0.931,1.6
1642264,Stephon Castle,1610612759,SAS,54,29.7,16.4,4.9,6.9,1.3,0.3,3.2,0.468,0.301,0.725,5.1
203500,Steven Adams,1610612745,HOU,32,22.8,5.8,8.6,1.5,0.7,0.6,1.1,0.504,0.0,0.58,6.1
1629004,Svi Mykhailiuk,1610612762,UTA,48,23.4,9.1,2.5,1.9,0.5,0.1,0.8,0.478,0.403,0.893,-1.8
204456,T.J. McConnell,1610612754,IND,47,16.7,9.2,2.1,4.7,1.1,0.2,1.2,0.53,0.31,0.85,-1.9
1643007,Taelon Peter,1610612754,IND,27,10.9,3.6,1.3,1.1,0.5,0.1,0.6,0.351,0.313,0.5,-2.0
1631106,Tari Eason,1610612745,HOU,41,26.4,11.0,6.3,1.7,1.3,0.6,1.4,0.433,0.402,0.7,1.7
1627752,Taurean Prince,1610612749,MIL,8,21.1,6.1,1.6,1.0,0.8,0.3,0.6,0.447,0.429,1.0,1.6
1641707,Taylor Hendricks,1610612763,MEM,45,17.3,6.5,3.4,0.9,0.6,0.4,0.8,0.47,0.371,0.635,-4.6
1629611,Terance Mann,1610612751,BKN,55,24.8,7.5,3.2,3.2,0.7,0.3,1.1,0.462,0.36,0.797,-3.8
1630545,Terrence Shannon Jr.,1610612750,MIN,27,11.9,4.0,1.0,0.6,0.3,0.0,0.6,0.382,0.366,0.806,-4.2
203648,Thanasis Antetokounmpo,1610612749,MIL,25,3.2,1.3,0.7,0.2,0.4,0.2,0.2,0.526,0.0,0.6,0.3
1628418,Thomas Bryant,1610612739,CLE,46,10.8,5.5,3.0,0.6,0.3,0.4,0.4,0.481,0.337,0.86,0.7
1642275,Tidjane Salaün,1610612766,CHA,36,15.9,6.2,4.1,0.8,0.4,0.2,0.7,0.506,0.434,0.65,0.1
203501,Tim Hardaway Jr.,1610612743,DEN,63,27.3,13.7,2.6,1.3,0.5,0.1,0.5,0.454,0.402,0.82,1.9
202699,Tobias Harris,1610612765,DET,47,28.5,13.3,5.2,2.2,1.0,0.3,1.0,0.453,0.335,0.879,3.8
1642449,Tolu Smith,1610612765,DET,7,12.6,4.7,4.7,0.9,0.3,0.7,0.7,0.476,0.0,0.722,0.1
1628396,Tony Bradley,1610612754,IND,38,11.0,4.0,2.8,0.5,0.2,0.2,0.4,0.557,0.5,0.744,-2.8
1641787,Tosan Evbuomwan,1610612766,CHA,5,1.5,0.0,0.4,0.0,0.0,0.0,0.0,0.0,0.0,0.0,-1.6
1641739,Toumani Camara,1610612757,POR,65,33.3,12.8,5.3,2.5,1.1,0.4,1.9,0.43,0.357,0.675,-1.2
1629027,Trae Young,1610612764,WAS,12,26.4,18.5,1.8,8.6,1.0,0.1,2.8,0.427,0.319,0.828,-2.8
1631218,Trayce Jackson-Davis,1610612761,TOR,43,10.4,3.8,3.0,0.8,0.3,0.5,0.5,0.582,1.0,0.565,-1.5
1642848,Tre Johnson,1610612764,WAS,50,24.1,12.6,2.8,2.0,0.6,0.3,1.5,0.433,0.38,0.888,-4.2
1630200,Tre Jones,1610612741,CHI,47,26.6,12.3,2.9,5.5,1.2,0.2,1.3,0.538,0.321,0.829,-1.8
1630544,Tre Mann,1610612766,CHA,43,14.5,6.2,2.1,1.9,0.5,0.1,1.2,0.358,0.324,0.84,-3.2
1630570,Trendon Watford,1610612755,PHI,40,16.4,6.2,3.3,2.5,0.3,0.4,1.1,0.515,0.286,0.74,-2.2
1642280,Trentyn Flowers,1610612741,CHI,2,2.8,2.0,0.5,0.5,0.0,0.0,0.5,0.667,0.0,0.0,-1.0
1631211,Trevor Keels,1610612748,MIA,3,1.2,0.0,0.7,0.0,0.0,0.0,0.0,0.0,0.0,0.0,-3.7
1641725,Trey Alexander,1610612740,NOP,5,8.3,2.8,0.8,1.0,0.2,0.2,0.2,0.667,0.667,0.0,0.0
1641998,Trey Jemison III,1610612752,NYK,11,5.5,0.8,1.5,0.3,0.1,0.2,0.5,0.571,0.0,1.0,-1.4
1630530,Trey Murphy III,1610612740,NOP,57,35.4,22.0,5.6,3.8,1.5,0.3,1.8,0.473,0.385,0.889,-3.1
1642400,Tristan Enaruna,1610612739,CLE,4,5.9,2.0,1.8,0.5,0.0,0.0,0.3,0.444,0.0,0.0,2.8
1641774,Tristan Vukcevic,1610612764,WAS,38,12.9,8.0,2.8,1.2,0.4,0.7,1.2,0.473,0.297,0.793,-3.8
1641783,Tristan da Silva,1610612753,ORL,58,23.6,9.0,3.7,1.4,0.9,0.3,0.8,0.441,0.391,0.867,1.6
1629660,Ty Jerome,1610612763,MEM,10,21.6,19.4,2.8,5.4,1.4,0.2,1.6,0.481,0.403,0.878,-3.1
1631102,TyTy Washington Jr.,1610612746,LAC,8,6.5,2.4,0.3,1.4,0.5,0.3,0.4,0.571,0.429,0.0,-3.8
1629639,Tyler Herro,1610612748,MIA,20,30.6,22.1,4.6,3.7,0.8,0.4,1.9,0.5,0.402,0.917,0.7
1642278,Tyler Kolek,1610612752,NYK,53,12.4,4.6,1.7,2.9,0.4,0.1,1.0,0.425,0.359,0.667,1.7
1631213,Tyrese Martin,1610612755,PHI,41,18.1,6.9,2.7,1.9,0.5,0.1,0.9,0.392,0.329,0.731,-4.3
1630178,Tyrese Maxey,1610612755,PHI,61,38.3,29.0,4.1,6.7,2.0,0.8,2.4,0.461,0.373,0.893,1.4
1642878,Tyrese Proctor,1610612739,CLE,42,10.4,4.8,1.0,1.3,0.4,0.0,0.6,0.395,0.336,0.862,-0.8
1630623,Tyson Etienne,1610612751,BKN,8,4.3,1.5,0.0,0.1,0.0,0.0,0.1,0.267,0.308,0.0,2.4
1626145,Tyus Jones,1610612743,DEN,58,15.6,3.1,1.1,2.5,0.6,0.1,0.4,0.343,0.28,0.875,-2.1
1642845,VJ Edgecombe,1610612755,PHI,57,35.1,15.3,5.5,3.9,1.5,0.5,1.8,0.427,0.361,0.801,0.1
1641705,Victor Wembanyama,1610612759,SAS,50,29.1,23.9,11.1,2.9,1.0,3.0,2.5,0.505,0.35,0.817,9.8
1631246,Vince Williams Jr.,1610612762,UTA,40,20.5,7.5,3.9,4.2,0.7,0.4,1.8,0.353,0.311,0.78,0.2
1642884,Vladislav Goldin,1610612748,MIA,3,3.5,1.3,1.0,0.7,0.0,0.3,0.3,1.0,0.0,0.0,-2.3
1630249,Vít Krejčí,1610612757,POR,61,21.9,8.7,2.3,1.5,0.8,0.3,0.6,0.452,0.393,0.745,-1.0
1631117,Walker Kessler,1610612762,UTA,5,30.8,14.4,10.8,3.0,1.4,1.8,3.2,0.703,0.75,0.7,2.8
1642383,Walter Clayton Jr.,1610612763,MEM,55,19.3,7.1,2.0,3.8,0.7,0.3,1.5,0.386,0.288,0.908,-1.7
1628976,Wendell Carter Jr.,1610612753,ORL,60,29.4,11.5,7.5,2.1,0.8,0.7,1.2,0.502,0.321,0.799,1.2
1631111,Wendell Moore Jr.,1610612765,DET,5,10.9,2.0,1.2,0.6,0.4,0.4,0.2,0.571,0.0,1.0,8.6
1642954,Will Richard,1610612744,GSW,54,19.3,7.0,2.5,1.4,1.2,0.1,0.8,0.479,0.349,0.84,0.0
1642860,Will Riley,1610612764,WAS,55,18.4,8.2,2.5,1.6,0.6,0.1,1.1,0.437,0.322,0.786,-5.5
1630214,Xavier Tillman,1610612766,CHA,21,6.2,1.6,1.4,0.2,0.3,0.1,0.3,0.429,0.176,0.0,-1.9
1642905,Yang Hansen,1610612757,POR,38,7.2,2.2,1.5,0.6,0.1,0.2,0.8,0.293,0.125,0.821,-2.6
1642949,Yanic Konan Niederhäuser,1610612746,LAC,41,10.3,4.3,2.9,0.3,0.1,0.7,0.6,0.64,0.2,0.758,0.9
1642530,Yuki Kawamura,1610612741,CHI,7,12.6,2.9,2.6,3.7,0.9,0.0,0.7,0.278,0.286,1.0,-2.3
1642274,Yves Missi,1610612740,NOP,53,18.7,5.5,5.5,1.1,0.3,1.4,0.8,0.543,0.0,0.56,0.2
1642258,Zaccharie Risacher,1610612737,ATL,50,24.1,10.1,3.7,1.3,0.9,0.5,0.9,0.442,0.355,0.585,-0.4
1628380,Zach Collins,1610612741,CHI,10,18.4,9.7,5.6,1.5,0.2,0.4,1.0,0.578,0.429,0.7,1.8
1641744,Zach Edey,1610612763,MEM,11,25.8,13.6,11.1,1.1,0.6,1.9,2.4,0.633,0.2,0.781,10.3
203897,Zach LaVine,1610612758,SAC,39,31.4,19.2,2.8,2.3,0.7,0.3,1.9,0.479,0.39,0.88,-7.9
1630192,Zeke Nnaji,1610612743,DEN,45,12.5,3.9,2.7,0.5,0.3,0.5,0.5,0.481,0.277,0.786,-2.4
1630533,Ziaire Williams,1610612751,BKN,45,23.0,9.7,2.4,0.9,1.2,0.4,1.0,0.415,0.329,0.878,-4.8
1629627,Zion Williamson,1610612740,NOP,49,29.5,21.5,5.9,3.4,1.0,0.6,2.1,0.587,0.25,0.717,-1.9
